Workbook

Sheet Hướng Dẫn
A1: HƯỚNG DẪN SỬ DỤNG PIPELINE PHUN XĂM VIC
A3: A. KHỞI ĐỘNG
A4: • File đã ở định dạng Google Sheets native (icon xanh). Mọi formula chạy được ngay.
A5: • Nếu mở từ Drive thấy icon "X" (Excel mode): File → Save as Google Sheets.
A7: B. QUY TRÌNH
A8: 1. NHÂN VIÊN nhập lead: vào sheet tên mình → mỗi inbox 1 dòng → chỉ điền ô màu XANH.
A9: • Dropdown bấm ▼ chọn trực tiếp. • Ô VÀNG (D, K) là auto — không sửa.
A10: • Thứ tự: Ngày Lead → Mã vùng → Số ĐT → các trường khác.
A11: 2. Paste KiotViet: vào sheet KiotViet → ô A2 → Ctrl+V (kể cả header cũng OK).
A12: • CSV của bạn có 13 cột → paste sẽ chiếm A:M. • CỘT N là vùng AUTO — không paste đè.
A13: 3. Master tự cập nhật. Đó là sheet đầu ra cuối cùng.
A15: C. SỨC CHỨA HIỆN TẠI
... A30: Muốn xem: View → Show hidden sheets.

Sheet Master
A1: SĐT Cuối | B1: Ngày Lead | C1: Thời gian (HĐ) | D1: CHATPAGE | E1: LOẠI TIN NHẮN | F1: NHÓM SP | G1: NGUỒN | H1: QUAN TÂM | I1: TÌNH TRẠNG | J1: Mã hóa đơn | K1: Mã khách hàng | L1: Tên hàng | M1: Doanh Thu (VNĐ) | N1: NGÀY HẸN | O1: Thời gian ra đơn (Ngày) | P1: Phễu | Q1: NHÓM SP_Clean | R1: Kênh Tiếp Cận | S1: Phân loại sản phẩm | T1: [F] 1_Có Inbox | U1: [F] 2_Có SĐT | V1: [F] 3_Có Đặt Lịch | W1: [F] 4_Có Ra Đơn | X1: Phân nhóm MECE | Y1: Lead_Unique_Flag | Z1: HĐ_Unique_Flag
A2: =IFERROR(__xludf.DUMMYFUNCTION("QUERY({'_KV_Block'!A2:X1501;'_Orphan_Block'!A2:X2501},""select * where Col1 is not null and Col1 <> ''"",0)"),"0389557477") -> 0389557477 | B2: =IFERROR(__xludf.DUMMYFUNCTION("""COMPUTED_VALUE"""),46023.0) -> 46023 | C2: =IFERROR(__xludf.DUMMYFUNCTION("""COMPUTED_VALUE"""),46026.0) -> 46026 | D2: =IFERROR(__xludf.DUMMYFUNCTION("""COMPUTED_VALUE"""),"Đặng Đông") -> Đặng Đông | E2: =IFERROR(__xludf.DUMMYFUNCTION("""COMPUTED_VALUE"""),"TỰ NHIÊN") -> TỰ NHIÊN | F2: =IFERROR(__xludf.DUMMYFUNCTION("""COMPUTED_VALUE"""),"DỊCH VỤ") -> DỊCH VỤ | G2: =IFERROR(__xludf.DUMMYFUNCTION("""COMPUTED_VALUE"""),"Fanpage PXV") -> Fanpage PXV | H2: =IFERROR(__xludf.DUMMYFUNCTION("""COMPUTED_VALUE"""),"Xoá mày") -> Xoá mày | I2: =IFERROR(__xludf.DUMMYFUNCTION("""COMPUTED_VALUE"""),"Nhắn Qua Zalo") -> Nhắn Qua Zalo | J2: =IFERROR(__xludf.DUMMYFUNCTION("""COMPUTED_VALUE"""),"HD028001") -> HD028001 | K2: =IFERROR(__xludf.DUMMYFUNCTION("""COMPUTED_VALUE"""),"KH004211") -> KH004211 | L2: =IFERROR(__xludf.DUMMYFUNCTION("""COMPUTED_VALUE"""),"(DV) Tạo sợi tả thực [NỮ] - DIAMOND") -> (DV) Tạo sợi tả thực [NỮ] - DIAMOND | M2: =IFERROR(__xludf.DUMMYFUNCTION("""COMPUTED_VALUE"""),9420000.0) -> 9420000 | N2: =IFERROR(__xludf.DUMMYFUNCTION("""COMPUTED_VALUE"""),46055.0) -> 46055 | O2: =IFERROR(__xludf.DUMMYFUNCTION("""COMPUTED_VALUE"""),3.452165428243461) -> 3.4521654 | P2: =IFERROR(__xludf.DUMMYFUNCTION("""COMPUTED_VALUE"""),FALSE) -> FALSE | Q2: =IFERROR(__xludf.DUMMYFUNCTION("""COMPUTED_VALUE"""),"DỊCH VỤ") -> DỊCH VỤ | R2: =IFERROR(__xludf.DUMMYFUNCTION("""COMPUTED_VALUE"""),"Facebook") -> Facebook | S2: =IFERROR(__xludf.DUMMYFUNCTION("""COMPUTED_VALUE"""),"Làm Mày") -> Làm Mày | T2: =IFERROR(__xludf.DUMMYFUNCTION("""COMPUTED_VALUE"""),1.0) -> 1 | U2: =IFERROR(__xludf.DUMMYFUNCTION("""COMPUTED_VALUE"""),1.0) -> 1 | V2: =IFERROR(__xludf.DUMMYFUNCTION("""COMPUTED_VALUE"""),1.0) -> 1 | W2: =IFERROR(__xludf.DUMMYFUNCTION("""COMPUTED_VALUE"""),1.0) -> 1 | X2: =IFERROR(__xludf.DUMMYFUNCTION("""COMPUTED_VALUE"""),"Nhóm 5: Lead hoàn hảo (Đủ 3 bước)") -> Nhóm 5: Lead hoàn hảo (Đủ 3 bước)
A3: =IFERROR(__xludf.DUMMYFUNCTION("""COMPUTED_VALUE"""),"0988887727") -> 0988887727 | C3: =IFERROR(__xludf.DUMMYFUNCTION("""COMPUTED_VALUE"""),46026.0) -> 46026 | J3: =IFERROR(__xludf.DUMMYFUNCTION("""COMPUTED_VALUE"""),"HD028004") -> HD028004 | K3: =IFERROR(__xludf.DUMMYFUNCTION("""COMPUTED_VALUE"""),"KH009044") -> KH009044 | L3: =IFERROR(__xludf.DUMMYFUNCTION("""COMPUTED_VALUE"""),"(DV) GÓI TIẾT KIỆM - XÓA CHÂN MÀY TRỌN GÓI") -> (DV) GÓI TIẾT KIỆM - XÓA CHÂN MÀY TRỌN GÓI | M3: =IFERROR(__xludf.DUMMYFUNCTION("""COMPUTED_VALUE"""),900000.0) -> 900000 | P3: =IFERROR(__xludf.DUMMYFUNCTION("""COMPUTED_VALUE"""),TRUE) -> TRUE | Q3: =IFERROR(__xludf.DUMMYFUNCTION("""COMPUTED_VALUE"""),"DỊCH VỤ") -> DỊCH VỤ | R3: =IFERROR(__xludf.DUMMYFUNCTION("""COMPUTED_VALUE"""),"Vãng lai") -> Vãng lai | S3: =IFERROR(__xludf.DUMMYFUNCTION("""COMPUTED_VALUE"""),"Xóa Laser") -> Xóa Laser | T3: =IFERROR(__xludf.DUMMYFUNCTION("""COMPUTED_VALUE"""),0.0) -> 0 | U3: =IFERROR(__xludf.DUMMYFUNCTION("""COMPUTED_VALUE"""),1.0) -> 1 | V3: =IFERROR(__xludf.DUMMYFUNCTION("""COMPUTED_VALUE"""),0.0) -> 0 | W3: =IFERROR(__xludf.DUMMYFUNCTION("""COMPUTED_VALUE"""),1.0) -> 1 | X3: =IFERROR(__xludf.DUMMYFUNCTION("""COMPUTED_VALUE"""),"Nhóm 1: Khách tự nhiên vãng lai (Chỉ có HĐ)") -> Nhóm 1: Khách tự nhiên vãng lai (Chỉ có HĐ)
A4: =IFERROR(__xludf.DUMMYFUNCTION("""COMPUTED_VALUE"""),"0985868707") -> 0985868707 | C4: =IFERROR(__xludf.DUMMYFUNCTION("""COMPUTED_VALUE"""),46026.0) -> 46026 | J4: =IFERROR(__xludf.DUMMYFUNCTION("""COMPUTED_VALUE"""),"HD028006.01") -> HD028006.01 | K4: =IFERROR(__xludf.DUMMYFUNCTION("""COMPUTED_VALUE"""),"KH009045") -> KH009045 | L4: =IFERROR(__xludf.DUMMYFUNCTION("""COMPUTED_VALUE"""),"(DV) Phun Môi - CÔ HƯỜNG") -> (DV) Phun Môi - CÔ HƯỜNG | M4: =IFERROR(__xludf.DUMMYFUNCTION("""COMPUTED_VALUE"""),1.503E7) -> 15030000 | P4: =IFERROR(__xludf.DUMMYFUNCTION("""COMPUTED_VALUE"""),FALSE) -> FALSE | Q4: =IFERROR(__xludf.DUMMYFUNCTION("""COMPUTED_VALUE"""),"DỊCH VỤ") -> DỊCH VỤ | R4: =IFERROR(__xludf.DUMMYFUNCTION("""COMPUTED_VALUE"""),"Vãng lai") -> Vãng lai | S4: =IFERROR(__xludf.DUMMYFUNCTION("""COMPUTED_VALUE"""),"Làm Môi") -> Làm Môi | T4: =IFERROR(__xludf.DUMMYFUNCTION("""COMPUTED_VALUE"""),0.0) -> 0 | U4: =IFERROR(__xludf.DUMMYFUNCTION("""COMPUTED_VALUE"""),1.0) -> 1 | V4: =IFERROR(__xludf.DUMMYFUNCTION("""COMPUTED_VALUE"""),0.0) -> 0 | W4: =IFERROR(__xludf.DUMMYFUNCTION("""COMPUTED_VALUE"""),1.0) -> 1 | X4: =IFERROR(__xludf.DUMMYFUNCTION("""COMPUTED_VALUE"""),"Nhóm 1: Khách tự nhiên vãng lai (Chỉ có HĐ)") -> Nhóm 1: Khách tự nhiên vãng lai (Chỉ có HĐ)
A5: =IFERROR(__xludf.DUMMYFUNCTION("""COMPUTED_VALUE"""),"0988887727") -> 0988887727 | C5: =IFERROR(__xludf.DUMMYFUNCTION("""COMPUTED_VALUE"""),46026.0) -> 46026 | J5: =IFERROR(__xludf.DUMMYFUNCTION("""COMPUTED_VALUE"""),"HD028011") -> HD028011 | K5: =IFERROR(__xludf.DUMMYFUNCTION("""COMPUTED_VALUE"""),"KH009044") -> KH009044 | L5: =IFERROR(__xludf.DUMMYFUNCTION("""COMPUTED_VALUE"""),"(DV) Khử thâm + Phun môi - GOLD") -> (DV) Khử thâm + Phun môi - GOLD | M5: =IFERROR(__xludf.DUMMYFUNCTION("""COMPUTED_VALUE"""),3490000.0) -> 3490000 | P5: =IFERROR(__xludf.DUMMYFUNCTION("""COMPUTED_VALUE"""),FALSE) -> FALSE | Q5: =IFERROR(__xludf.DUMMYFUNCTION("""COMPUTED_VALUE"""),"DỊCH VỤ") -> DỊCH VỤ | R5: =IFERROR(__xludf.DUMMYFUNCTION("""COMPUTED_VALUE"""),"Vãng lai") -> Vãng lai | S5: =IFERROR(__xludf.DUMMYFUNCTION("""COMPUTED_VALUE"""),"Làm Môi") -> Làm Môi | T5: =IFERROR(__xludf.DUMMYFUNCTION("""COMPUTED_VALUE"""),0.0) -> 0 | U5: =IFERROR(__xludf.DUMMYFUNCTION("""COMPUTED_VALUE"""),1.0) -> 1 | V5: =IFERROR(__xludf.DUMMYFUNCTION("""COMPUTED_VALUE"""),0.0) -> 0 | W5: =IFERROR(__xludf.DUMMYFUNCTION("""COMPUTED_VALUE"""),1.0) -> 1 | X5: =IFERROR(__xludf.DUMMYFUNCTION("""COMPUTED_VALUE"""),"Nhóm 1: Khách tự nhiên vãng lai (Chỉ có HĐ)") -> Nhóm 1: Khách tự nhiên vãng lai (Chỉ có HĐ)
A6: =IFERROR(__xludf.DUMMYFUNCTION("""COMPUTED_VALUE"""),"0908436728") -> 0908436728 | C6: =IFERROR(__xludf.DUMMYFUNCTION("""COMPUTED_VALUE"""),46026.0) -> 46026 | J6: =IFERROR(__xludf.DUMMYFUNCTION("""COMPUTED_VALUE"""),"HD028012") -> HD028012 | K6: =IFERROR(__xludf.DUMMYFUNCTION("""COMPUTED_VALUE"""),"KH008410") -> KH008410 | L6: =IFERROR(__xludf.DUMMYFUNCTION("""COMPUTED_VALUE"""),"(DV) Tạo sợi tả thực [NỮ] - CÔ HƯỜNG") -> (DV) Tạo sợi tả thực [NỮ] - CÔ HƯỜNG | M6: =IFERROR(__xludf.DUMMYFUNCTION("""COMPUTED_VALUE"""),1.797E7) -> 17970000 | P6: =IFERROR(__xludf.DUMMYFUNCTION("""COMPUTED_VALUE"""),FALSE) -> FALSE | Q6: =IFERROR(__xludf.DUMMYFUNCTION("""COMPUTED_VALUE"""),"DỊCH VỤ") -> DỊCH VỤ | R6: =IFERROR(__xludf.DUMMYFUNCTION("""COMPUTED_VALUE"""),"Vãng lai") -> Vãng lai | S6: =IFERROR(__xludf.DUMMYFUNCTION("""COMPUTED_VALUE"""),"Làm Mày") -> Làm Mày | T6: =IFERROR(__xludf.DUMMYFUNCTION("""COMPUTED_VALUE"""),0.0) -> 0 | U6: =IFERROR(__xludf.DUMMYFUNCTION("""COMPUTED_VALUE"""),1.0) -> 1 | V6: =IFERROR(__xludf.DUMMYFUNCTION("""COMPUTED_VALUE"""),0.0) -> 0 | W6: =IFERROR(__xludf.DUMMYFUNCTION("""COMPUTED_VALUE"""),1.0) -> 1 | X6: =IFERROR(__xludf.DUMMYFUNCTION("""COMPUTED_VALUE"""),"Nhóm 1: Khách tự nhiên vãng lai (Chỉ có HĐ)") -> Nhóm 1: Khách tự nhiên vãng lai (Chỉ có HĐ)
A7: =IFERROR(__xludf.DUMMYFUNCTION("""COMPUTED_VALUE"""),"0565867163") -> 0565867163 | C7: =IFERROR(__xludf.DUMMYFUNCTION("""COMPUTED_VALUE"""),46026.0) -> 46026 | J7: =IFERROR(__xludf.DUMMYFUNCTION("""COMPUTED_VALUE"""),"HD028013") -> HD028013 | K7: =IFERROR(__xludf.DUMMYFUNCTION("""COMPUTED_VALUE"""),"KH009046") -> KH009046 | L7: =IFERROR(__xludf.DUMMYFUNCTION("""COMPUTED_VALUE"""),"(DV) GÓI TIẾT KIỆM - XÓA CHÂN MÀY TRỌN GÓI") -> (DV) GÓI TIẾT KIỆM - XÓA CHÂN MÀY TRỌN GÓI | M7: =IFERROR(__xludf.DUMMYFUNCTION("""COMPUTED_VALUE"""),900000.0) -> 900000 | P7: =IFERROR(__xludf.DUMMYFUNCTION("""COMPUTED_VALUE"""),TRUE) -> TRUE | Q7: =IFERROR(__xludf.DUMMYFUNCTION("""COMPUTED_VALUE"""),"DỊCH VỤ") -> DỊCH VỤ | R7: =IFERROR(__xludf.DUMMYFUNCTION("""COMPUTED_VALUE"""),"Vãng lai") -> Vãng lai | S7: =IFERROR(__xludf.DUMMYFUNCTION("""COMPUTED_VALUE"""),"Xóa Laser") -> Xóa Laser | T7: =IFERROR(__xludf.DUMMYFUNCTION("""COMPUTED_VALUE"""),0.0) -> 0 | U7: =IFERROR(__xludf.DUMMYFUNCTION("""COMPUTED_VALUE"""),1.0) -> 1 | V7: =IFERROR(__xludf.DUMMYFUNCTION("""COMPUTED_VALUE"""),0.0) -> 0 | W7: =IFERROR(__xludf.DUMMYFUNCTION("""COMPUTED_VALUE"""),1.0) -> 1 | X7: =IFERROR(__xludf.DUMMYFUNCTION("""COMPUTED_VALUE"""),"Nhóm 1: Khách tự nhiên vãng lai (Chỉ có HĐ)") -> Nhóm 1: Khách tự nhiên vãng lai (Chỉ có HĐ)
A8: =IFERROR(__xludf.DUMMYFUNCTION("""COMPUTED_VALUE"""),"0974992869") -> 0974992869 | C8: =IFERROR(__xludf.DUMMYFUNCTION("""COMPUTED_VALUE"""),46026.0) -> 46026 | J8: =IFERROR(__xludf.DUMMYFUNCTION("""COMPUTED_VALUE"""),"HD028014") -> HD028014 | K8: =IFERROR(__xludf.DUMMYFUNCTION("""COMPUTED_VALUE"""),"KH008349") -> KH008349 | L8: =IFERROR(__xludf.DUMMYFUNCTION("""COMPUTED_VALUE"""),"(DV) Double bóc tách - GOLD") -> (DV) Double bóc tách - GOLD | M8: =IFERROR(__xludf.DUMMYFUNCTION("""COMPUTED_VALUE"""),2700000.0) -> 2700000 | P8: =IFERROR(__xludf.DUMMYFUNCTION("""COMPUTED_VALUE"""),FALSE) -> FALSE | Q8: =IFERROR(__xludf.DUMMYFUNCTION("""COMPUTED_VALUE"""),"DỊCH VỤ") -> DỊCH VỤ | R8: =IFERROR(__xludf.DUMMYFUNCTION("""COMPUTED_VALUE"""),"Vãng lai") -> Vãng lai | S8: =IFERROR(__xludf.DUMMYFUNCTION("""COMPUTED_VALUE"""),"CO2 / Cắt đáy sẹo") -> CO2 / Cắt đáy sẹo | T8: =IFERROR(__xludf.DUMMYFUNCTION("""COMPUTED_VALUE"""),0.0) -> 0 | U8: =IFERROR(__xludf.DUMMYFUNCTION("""COMPUTED_VALUE"""),1.0) -> 1 | V8: =IFERROR(__xludf.DUMMYFUNCTION("""COMPUTED_VALUE"""),0.0) -> 0 | W8: =IFERROR(__xludf.DUMMYFUNCTION("""COMPUTED_VALUE"""),1.0) -> 1 | X8: =IFERROR(__xludf.DUMMYFUNCTION("""COMPUTED_VALUE"""),"Nhóm 1: Khách tự nhiên vãng lai (Chỉ có HĐ)") -> Nhóm 1: Khách tự nhiên vãng lai (Chỉ có HĐ)
A9: =IFERROR(__xludf.DUMMYFUNCTION("""COMPUTED_VALUE"""),"0896146217") -> 0896146217 | C9: =IFERROR(__xludf.DUMMYFUNCTION("""COMPUTED_VALUE"""),46026.0) -> 46026 | J9: =IFERROR(__xludf.DUMMYFUNCTION("""COMPUTED_VALUE"""),"HD028016") -> HD028016 | K9: =IFERROR(__xludf.DUMMYFUNCTION("""COMPUTED_VALUE"""),"KH009043") -> KH009043 | L9: =IFERROR(__xludf.DUMMYFUNCTION("""COMPUTED_VALUE"""),"(DV) Tạo sợi tả thực [NỮ] - DIAMOND") -> (DV) Tạo sợi tả thực [NỮ] - DIAMOND | M9: =IFERROR(__xludf.DUMMYFUNCTION("""COMPUTED_VALUE"""),1.08E7) -> 10800000 | P9: =IFERROR(__xludf.DUMMYFUNCTION("""COMPUTED_VALUE"""),FALSE) -> FALSE | Q9: =IFERROR(__xludf.DUMMYFUNCTION("""COMPUTED_VALUE"""),"DỊCH VỤ") -> DỊCH VỤ | R9: =IFERROR(__xludf.DUMMYFUNCTION("""COMPUTED_VALUE"""),"Vãng lai") -> Vãng lai | S9: =IFERROR(__xludf.DUMMYFUNCTION("""COMPUTED_VALUE"""),"Làm Mày") -> Làm Mày | T9: =IFERROR(__xludf.DUMMYFUNCTION("""COMPUTED_VALUE"""),0.0) -> 0 | U9: =IFERROR(__xludf.DUMMYFUNCTION("""COMPUTED_VALUE"""),1.0) -> 1 | V9: =IFERROR(__xludf.DUMMYFUNCTION("""COMPUTED_VALUE"""),0.0) -> 0 | W9: =IFERROR(__xludf.DUMMYFUNCTION("""COMPUTED_VALUE"""),1.0) -> 1 | X9: =IFERROR(__xludf.DUMMYFUNCTION("""COMPUTED_VALUE"""),"Nhóm 1: Khách tự nhiên vãng lai (Chỉ có HĐ)") -> Nhóm 1: Khách tự nhiên vãng lai (Chỉ có HĐ)
A10: =IFERROR(__xludf.DUMMYFUNCTION("""COMPUTED_VALUE"""),"0896146217") -> 0896146217 | C10: =IFERROR(__xludf.DUMMYFUNCTION("""COMPUTED_VALUE"""),46026.0) -> 46026 | J10: =IFERROR(__xludf.DUMMYFUNCTION("""COMPUTED_VALUE"""),"HD028017") -> HD028017 | K10: =IFERROR(__xludf.DUMMYFUNCTION("""COMPUTED_VALUE"""),"KH009043") -> KH009043 | L10: =IFERROR(__xludf.DUMMYFUNCTION("""COMPUTED_VALUE"""),"(DV) Double bóc tách - DIAMOND") -> (DV) Double bóc tách - DIAMOND | M10: =IFERROR(__xludf.DUMMYFUNCTION("""COMPUTED_VALUE"""),8100000.0) -> 8100000 | P10: =IFERROR(__xludf.DUMMYFUNCTION("""COMPUTED_VALUE"""),FALSE) -> FALSE | Q10: =IFERROR(__xludf.DUMMYFUNCTION("""COMPUTED_VALUE"""),"DỊCH VỤ") -> DỊCH VỤ | R10: =IFERROR(__xludf.DUMMYFUNCTION("""COMPUTED_VALUE"""),"Vãng lai") -> Vãng lai | S10: =IFERROR(__xludf.DUMMYFUNCTION("""COMPUTED_VALUE"""),"CO2 / Cắt đáy sẹo") -> CO2 / Cắt đáy sẹo | T10: =IFERROR(__xludf.DUMMYFUNCTION("""COMPUTED_VALUE"""),0.0) -> 0 | U10: =IFERROR(__xludf.DUMMYFUNCTION("""COMPUTED_VALUE"""),1.0) -> 1 | V10: =IFERROR(__xludf.DUMMYFUNCTION("""COMPUTED_VALUE"""),0.0) -> 0 | W10: =IFERROR(__xludf.DUMMYFUNCTION("""COMPUTED_VALUE"""),1.0) -> 1 | X10: =IFERROR(__xludf.DUMMYFUNCTION("""COMPUTED_VALUE"""),"Nhóm 1: Khách tự nhiên vãng lai (Chỉ có HĐ)") -> Nhóm 1: Khách tự nhiên vãng lai (Chỉ có HĐ)
A11: =IFERROR(__xludf.DUMMYFUNCTION("""COMPUTED_VALUE"""),"0909616797") -> 0909616797 | C11: =IFERROR(__xludf.DUMMYFUNCTION("""COMPUTED_VALUE"""),46026.0) -> 46026 | J11: =IFERROR(__xludf.DUMMYFUNCTION("""COMPUTED_VALUE"""),"HD028018") -> HD028018 | K11: =IFERROR(__xludf.DUMMYFUNCTION("""COMPUTED_VALUE"""),"KH009047") -> KH009047 | L11: =IFERROR(__xludf.DUMMYFUNCTION("""COMPUTED_VALUE"""),"(DV) GÓI TIẾT KIỆM - XÓA CHÂN MÀY TRỌN GÓI") -> (DV) GÓI TIẾT KIỆM - XÓA CHÂN MÀY TRỌN GÓI | M11: =IFERROR(__xludf.DUMMYFUNCTION("""COMPUTED_VALUE"""),900000.0) -> 900000 | P11: =IFERROR(__xludf.DUMMYFUNCTION("""COMPUTED_VALUE"""),TRUE) -> TRUE | Q11: =IFERROR(__xludf.DUMMYFUNCTION("""COMPUTED_VALUE"""),"DỊCH VỤ") -> DỊCH VỤ | R11: =IFERROR(__xludf.DUMMYFUNCTION("""COMPUTED_VALUE"""),"Vãng lai") -> Vãng lai | S11: =IFERROR(__xludf.DUMMYFUNCTION("""COMPUTED_VALUE"""),"Xóa Laser") -> Xóa Laser | T11: =IFERROR(__xludf.DUMMYFUNCTION("""COMPUTED_VALUE"""),0.0) -> 0 | U11: =IFERROR(__xludf.DUMMYFUNCTION("""COMPUTED_VALUE"""),1.0) -> 1 | V11: =IFERROR(__xludf.DUMMYFUNCTION("""COMPUTED_VALUE"""),0.0) -> 0 | W11: =IFERROR(__xludf.DUMMYFUNCTION("""COMPUTED_VALUE"""),1.0) -> 1 | X11: =IFERROR(__xludf.DUMMYFUNCTION("""COMPUTED_VALUE"""),"Nhóm 1: Khách tự nhiên vãng lai (Chỉ có HĐ)") -> Nhóm 1: Khách tự nhiên vãng lai (Chỉ có HĐ)
A12: =IFERROR(__xludf.DUMMYFUNCTION("""COMPUTED_VALUE"""),"0909616797") -> 0909616797 | C12: =IFERROR(__xludf.DUMMYFUNCTION("""COMPUTED_VALUE"""),46026.0) -> 46026 | J12: =IFERROR(__xludf.DUMMYFUNCTION("""COMPUTED_VALUE"""),"HD028019") -> HD028019 | K12: =IFERROR(__xludf.DUMMYFUNCTION("""COMPUTED_VALUE"""),"KH009047") -> KH009047 | L12: =IFERROR(__xludf.DUMMYFUNCTION("""COMPUTED_VALUE"""),"(DV) Công nghệ CO2 Fractional - Tách thâm") -> (DV) Công nghệ CO2 Fractional - Tách thâm | M12: =IFERROR(__xludf.DUMMYFUNCTION("""COMPUTED_VALUE"""),1490000.0) -> 1490000 | P12: =IFERROR(__xludf.DUMMYFUNCTION("""COMPUTED_VALUE"""),TRUE) -> TRUE | Q12: =IFERROR(__xludf.DUMMYFUNCTION("""COMPUTED_VALUE"""),"DỊCH VỤ") -> DỊCH VỤ | R12: =IFERROR(__xludf.DUMMYFUNCTION("""COMPUTED_VALUE"""),"Vãng lai") -> Vãng lai | S12: =IFERROR(__xludf.DUMMYFUNCTION("""COMPUTED_VALUE"""),"CO2 / Cắt đáy sẹo") -> CO2 / Cắt đáy sẹo | T12: =IFERROR(__xludf.DUMMYFUNCTION("""COMPUTED_VALUE"""),0.0) -> 0 | U12: =IFERROR(__xludf.DUMMYFUNCTION("""COMPUTED_VALUE"""),1.0) -> 1 | V12: =IFERROR(__xludf.DUMMYFUNCTION("""COMPUTED_VALUE"""),0.0) -> 0 | W12: =IFERROR(__xludf.DUMMYFUNCTION("""COMPUTED_VALUE"""),1.0) -> 1 | X12: =IFERROR(__xludf.DUMMYFUNCTION("""COMPUTED_VALUE"""),"Nhóm 1: Khách tự nhiên vãng lai (Chỉ có HĐ)") -> Nhóm 1: Khách tự nhiên vãng lai (Chỉ có HĐ)
A13: =IFERROR(__xludf.DUMMYFUNCTION("""COMPUTED_VALUE"""),"0939431555") -> 0939431555 | C13: =IFERROR(__xludf.DUMMYFUNCTION("""COMPUTED_VALUE"""),46026.0) -> 46026 | J13: =IFERROR(__xludf.DUMMYFUNCTION("""COMPUTED_VALUE"""),"HD028020") -> HD028020 | K13: =IFERROR(__xludf.DUMMYFUNCTION("""COMPUTED_VALUE"""),"KH009048") -> KH009048 | L13: =IFERROR(__xludf.DUMMYFUNCTION("""COMPUTED_VALUE"""),"(DV) Xử lý nền + Phun môi - PLATINUM") -> (DV) Xử lý nền + Phun môi - PLATINUM | M13: =IFERROR(__xludf.DUMMYFUNCTION("""COMPUTED_VALUE"""),6600000.0) -> 6600000 | P13: =IFERROR(__xludf.DUMMYFUNCTION("""COMPUTED_VALUE"""),FALSE) -> FALSE | Q13: =IFERROR(__xludf.DUMMYFUNCTION("""COMPUTED_VALUE"""),"DỊCH VỤ") -> DỊCH VỤ | R13: =IFERROR(__xludf.DUMMYFUNCTION("""COMPUTED_VALUE"""),"Vãng lai") -> Vãng lai | S13: =IFERROR(__xludf.DUMMYFUNCTION("""COMPUTED_VALUE"""),"Làm Môi") -> Làm Môi | T13: =IFERROR(__xludf.DUMMYFUNCTION("""COMPUTED_VALUE"""),0.0) -> 0 | U13: =IFERROR(__xludf.DUMMYFUNCTION("""COMPUTED_VALUE"""),1.0) -> 1 | V13: =IFERROR(__xludf.DUMMYFUNCTION("""COMPUTED_VALUE"""),0.0) -> 0 | W13: =IFERROR(__xludf.DUMMYFUNCTION("""COMPUTED_VALUE"""),1.0) -> 1 | X13: =IFERROR(__xludf.DUMMYFUNCTION("""COMPUTED_VALUE"""),"Nhóm 1: Khách tự nhiên vãng lai (Chỉ có HĐ)") -> Nhóm 1: Khách tự nhiên vãng lai (Chỉ có HĐ)
A14: =IFERROR(__xludf.DUMMYFUNCTION("""COMPUTED_VALUE"""),"0989413672") -> 0989413672 | C14: =IFERROR(__xludf.DUMMYFUNCTION("""COMPUTED_VALUE"""),46026.0) -> 46026 | J14: =IFERROR(__xludf.DUMMYFUNCTION("""COMPUTED_VALUE"""),"HD028021") -> HD028021 | K14: =IFERROR(__xludf.DUMMYFUNCTION("""COMPUTED_VALUE"""),"KH009049") -> KH009049 | L14: =IFERROR(__xludf.DUMMYFUNCTION("""COMPUTED_VALUE"""),"(DV) GÓI TIẾT KIỆM - XÓA CHÂN MÀY TRỌN GÓI") -> (DV) GÓI TIẾT KIỆM - XÓA CHÂN MÀY TRỌN GÓI | M14: =IFERROR(__xludf.DUMMYFUNCTION("""COMPUTED_VALUE"""),900000.0) -> 900000 | P14: =IFERROR(__xludf.DUMMYFUNCTION("""COMPUTED_VALUE"""),TRUE) -> TRUE | Q14: =IFERROR(__xludf.DUMMYFUNCTION("""COMPUTED_VALUE"""),"DỊCH VỤ") -> DỊCH VỤ | R14: =IFERROR(__xludf.DUMMYFUNCTION("""COMPUTED_VALUE"""),"Vãng lai") -> Vãng lai | S14: =IFERROR(__xludf.DUMMYFUNCTION("""COMPUTED_VALUE"""),"Xóa Laser") -> Xóa Laser | T14: =IFERROR(__xludf.DUMMYFUNCTION("""COMPUTED_VALUE"""),0.0) -> 0 | U14: =IFERROR(__xludf.DUMMYFUNCTION("""COMPUTED_VALUE"""),1.0) -> 1 | V14: =IFERROR(__xludf.DUMMYFUNCTION("""COMPUTED_VALUE"""),0.0) -> 0 | W14: =IFERROR(__xludf.DUMMYFUNCTION("""COMPUTED_VALUE"""),1.0) -> 1 | X14: =IFERROR(__xludf.DUMMYFUNCTION("""COMPUTED_VALUE"""),"Nhóm 1: Khách tự nhiên vãng lai (Chỉ có HĐ)") -> Nhóm 1: Khách tự nhiên vãng lai (Chỉ có HĐ)
A15: =IFERROR(__xludf.DUMMYFUNCTION("""COMPUTED_VALUE"""),"0944704036") -> 0944704036 | C15: =IFERROR(__xludf.DUMMYFUNCTION("""COMPUTED_VALUE"""),46026.0) -> 46026 | J15: =IFERROR(__xludf.DUMMYFUNCTION("""COMPUTED_VALUE"""),"HD028022") -> HD028022 | K15: =IFERROR(__xludf.DUMMYFUNCTION("""COMPUTED_VALUE"""),"KH009050") -> KH009050 | L15: =IFERROR(__xludf.DUMMYFUNCTION("""COMPUTED_VALUE"""),"(DV) Xóa lần 01 - Chân Mày") -> (DV) Xóa lần 01 - Chân Mày | M15: =IFERROR(__xludf.DUMMYFUNCTION("""COMPUTED_VALUE"""),900000.0) -> 900000 | P15: =IFERROR(__xludf.DUMMYFUNCTION("""COMPUTED_VALUE"""),TRUE) -> TRUE | Q15: =IFERROR(__xludf.DUMMYFUNCTION("""COMPUTED_VALUE"""),"DỊCH VỤ") -> DỊCH VỤ | R15: =IFERROR(__xludf.DUMMYFUNCTION("""COMPUTED_VALUE"""),"Vãng lai") -> Vãng lai | S15: =IFERROR(__xludf.DUMMYFUNCTION("""COMPUTED_VALUE"""),"Xóa Laser") -> Xóa Laser | T15: =IFERROR(__xludf.DUMMYFUNCTION("""COMPUTED_VALUE"""),0.0) -> 0 | U15: =IFERROR(__xludf.DUMMYFUNCTION("""COMPUTED_VALUE"""),1.0) -> 1 | V15: =IFERROR(__xludf.DUMMYFUNCTION("""COMPUTED_VALUE"""),0.0) -> 0 | W15: =IFERROR(__xludf.DUMMYFUNCTION("""COMPUTED_VALUE"""),1.0) -> 1 | X15: =IFERROR(__xludf.DUMMYFUNCTION("""COMPUTED_VALUE"""),"Nhóm 1: Khách tự nhiên vãng lai (Chỉ có HĐ)") -> Nhóm 1: Khách tự nhiên vãng lai (Chỉ có HĐ)
A16: =IFERROR(__xludf.DUMMYFUNCTION("""COMPUTED_VALUE"""),"0896146217") -> 0896146217 | C16: =IFERROR(__xludf.DUMMYFUNCTION("""COMPUTED_VALUE"""),46026.0) -> 46026 | J16: =IFERROR(__xludf.DUMMYFUNCTION("""COMPUTED_VALUE"""),"HD028023") -> HD028023 | K16: =IFERROR(__xludf.DUMMYFUNCTION("""COMPUTED_VALUE"""),"KH009043") -> KH009043 | L16: =IFERROR(__xludf.DUMMYFUNCTION("""COMPUTED_VALUE"""),"(DV) Tạo sợi tả thực [NAM] - DIAMOND") -> (DV) Tạo sợi tả thực [NAM] - DIAMOND | M16: =IFERROR(__xludf.DUMMYFUNCTION("""COMPUTED_VALUE"""),1.13E7) -> 11300000 | P16: =IFERROR(__xludf.DUMMYFUNCTION("""COMPUTED_VALUE"""),FALSE) -> FALSE | Q16: =IFERROR(__xludf.DUMMYFUNCTION("""COMPUTED_VALUE"""),"DỊCH VỤ") -> DỊCH VỤ | R16: =IFERROR(__xludf.DUMMYFUNCTION("""COMPUTED_VALUE"""),"Vãng lai") -> Vãng lai | S16: =IFERROR(__xludf.DUMMYFUNCTION("""COMPUTED_VALUE"""),"Làm Mày") -> Làm Mày | T16: =IFERROR(__xludf.DUMMYFUNCTION("""COMPUTED_VALUE"""),0.0) -> 0 | U16: =IFERROR(__xludf.DUMMYFUNCTION("""COMPUTED_VALUE"""),1.0) -> 1 | V16: =IFERROR(__xludf.DUMMYFUNCTION("""COMPUTED_VALUE"""),0.0) -> 0 | W16: =IFERROR(__xludf.DUMMYFUNCTION("""COMPUTED_VALUE"""),1.0) -> 1 | X16: =IFERROR(__xludf.DUMMYFUNCTION("""COMPUTED_VALUE"""),"Nhóm 1: Khách tự nhiên vãng lai (Chỉ có HĐ)") -> Nhóm 1: Khách tự nhiên vãng lai (Chỉ có HĐ)
A17: =IFERROR(__xludf.DUMMYFUNCTION("""COMPUTED_VALUE"""),"0783316640") -> 0783316640 | C17: =IFERROR(__xludf.DUMMYFUNCTION("""COMPUTED_VALUE"""),46027.0) -> 46027 | J17: =IFERROR(__xludf.DUMMYFUNCTION("""COMPUTED_VALUE"""),"HD028033") -> HD028033 | K17: =IFERROR(__xludf.DUMMYFUNCTION("""COMPUTED_VALUE"""),"KH009054") -> KH009054 | L17: =IFERROR(__xludf.DUMMYFUNCTION("""COMPUTED_VALUE"""),"(DV) Công nghệ CO2 Fractional - Tách thâm") -> (DV) Công nghệ CO2 Fractional - Tách thâm | M17: =IFERROR(__xludf.DUMMYFUNCTION("""COMPUTED_VALUE"""),1490000.0) -> 1490000 | P17: =IFERROR(__xludf.DUMMYFUNCTION("""COMPUTED_VALUE"""),TRUE) -> TRUE | Q17: =IFERROR(__xludf.DUMMYFUNCTION("""COMPUTED_VALUE"""),"DỊCH VỤ") -> DỊCH VỤ | R17: =IFERROR(__xludf.DUMMYFUNCTION("""COMPUTED_VALUE"""),"Vãng lai") -> Vãng lai | S17: =IFERROR(__xludf.DUMMYFUNCTION("""COMPUTED_VALUE"""),"CO2 / Cắt đáy sẹo") -> CO2 / Cắt đáy sẹo | T17: =IFERROR(__xludf.DUMMYFUNCTION("""COMPUTED_VALUE"""),0.0) -> 0 | U17: =IFERROR(__xludf.DUMMYFUNCTION("""COMPUTED_VALUE"""),1.0) -> 1 | V17: =IFERROR(__xludf.DUMMYFUNCTION("""COMPUTED_VALUE"""),0.0) -> 0 | W17: =IFERROR(__xludf.DUMMYFUNCTION("""COMPUTED_VALUE"""),1.0) -> 1 | X17: =IFERROR(__xludf.DUMMYFUNCTION("""COMPUTED_VALUE"""),"Nhóm 1: Khách tự nhiên vãng lai (Chỉ có HĐ)") -> Nhóm 1: Khách tự nhiên vãng lai (Chỉ có HĐ)
A18: =IFERROR(__xludf.DUMMYFUNCTION("""COMPUTED_VALUE"""),"0906528838") -> 0906528838 | C18: =IFERROR(__xludf.DUMMYFUNCTION("""COMPUTED_VALUE"""),46027.0) -> 46027 | J18: =IFERROR(__xludf.DUMMYFUNCTION("""COMPUTED_VALUE"""),"HD028035") -> HD028035 | K18: =IFERROR(__xludf.DUMMYFUNCTION("""COMPUTED_VALUE"""),"KH009056") -> KH009056 | L18: =IFERROR(__xludf.DUMMYFUNCTION("""COMPUTED_VALUE"""),"(DV) GÓI TIẾT KIỆM - XÓA CHÂN MÀY TRỌN GÓI") -> (DV) GÓI TIẾT KIỆM - XÓA CHÂN MÀY TRỌN GÓI | M18: =IFERROR(__xludf.DUMMYFUNCTION("""COMPUTED_VALUE"""),900000.0) -> 900000 | P18: =IFERROR(__xludf.DUMMYFUNCTION("""COMPUTED_VALUE"""),TRUE) -> TRUE | Q18: =IFERROR(__xludf.DUMMYFUNCTION("""COMPUTED_VALUE"""),"DỊCH VỤ") -> DỊCH VỤ | R18: =IFERROR(__xludf.DUMMYFUNCTION("""COMPUTED_VALUE"""),"Vãng lai") -> Vãng lai | S18: =IFERROR(__xludf.DUMMYFUNCTION("""COMPUTED_VALUE"""),"Xóa Laser") -> Xóa Laser | T18: =IFERROR(__xludf.DUMMYFUNCTION("""COMPUTED_VALUE"""),0.0) -> 0 | U18: =IFERROR(__xludf.DUMMYFUNCTION("""COMPUTED_VALUE"""),1.0) -> 1 | V18: =IFERROR(__xludf.DUMMYFUNCTION("""COMPUTED_VALUE"""),0.0) -> 0 | W18: =IFERROR(__xludf.DUMMYFUNCTION("""COMPUTED_VALUE"""),1.0) -> 1 | X18: =IFERROR(__xludf.DUMMYFUNCTION("""COMPUTED_VALUE"""),"Nhóm 1: Khách tự nhiên vãng lai (Chỉ có HĐ)") -> Nhóm 1: Khách tự nhiên vãng lai (Chỉ có HĐ)
A19: =IFERROR(__xludf.DUMMYFUNCTION("""COMPUTED_VALUE"""),"0932781732") -> 0932781732 | C19: =IFERROR(__xludf.DUMMYFUNCTION("""COMPUTED_VALUE"""),46027.0) -> 46027 | J19: =IFERROR(__xludf.DUMMYFUNCTION("""COMPUTED_VALUE"""),"HD028036") -> HD028036 | K19: =IFERROR(__xludf.DUMMYFUNCTION("""COMPUTED_VALUE"""),"KH008276") -> KH008276 | L19: =IFERROR(__xludf.DUMMYFUNCTION("""COMPUTED_VALUE"""),"(DV) Tạo sợi tả thực (NỮ) - GOLD") -> (DV) Tạo sợi tả thực (NỮ) - GOLD | M19: =IFERROR(__xludf.DUMMYFUNCTION("""COMPUTED_VALUE"""),3390000.0) -> 3390000 | P19: =IFERROR(__xludf.DUMMYFUNCTION("""COMPUTED_VALUE"""),FALSE) -> FALSE | Q19: =IFERROR(__xludf.DUMMYFUNCTION("""COMPUTED_VALUE"""),"DỊCH VỤ") -> DỊCH VỤ | R19: =IFERROR(__xludf.DUMMYFUNCTION("""COMPUTED_VALUE"""),"Vãng lai") -> Vãng lai | S19: =IFERROR(__xludf.DUMMYFUNCTION("""COMPUTED_VALUE"""),"Làm Mày") -> Làm Mày | T19: =IFERROR(__xludf.DUMMYFUNCTION("""COMPUTED_VALUE"""),0.0) -> 0 | U19: =IFERROR(__xludf.DUMMYFUNCTION("""COMPUTED_VALUE"""),1.0) -> 1 | V19: =IFERROR(__xludf.DUMMYFUNCTION("""COMPUTED_VALUE"""),0.0) -> 0 | W19: =IFERROR(__xludf.DUMMYFUNCTION("""COMPUTED_VALUE"""),1.0) -> 1 | X19: =IFERROR(__xludf.DUMMYFUNCTION("""COMPUTED_VALUE"""),"Nhóm 1: Khách tự nhiên vãng lai (Chỉ có HĐ)") -> Nhóm 1: Khách tự nhiên vãng lai (Chỉ có HĐ)
A20: =IFERROR(__xludf.DUMMYFUNCTION("""COMPUTED_VALUE"""),"0899462050") -> 0899462050 | C20: =IFERROR(__xludf.DUMMYFUNCTION("""COMPUTED_VALUE"""),46027.0) -> 46027 | J20: =IFERROR(__xludf.DUMMYFUNCTION("""COMPUTED_VALUE"""),"HD028037") -> HD028037 | K20: =IFERROR(__xludf.DUMMYFUNCTION("""COMPUTED_VALUE"""),"KH009051") -> KH009051 | L20: =IFERROR(__xludf.DUMMYFUNCTION("""COMPUTED_VALUE"""),"(DV) Double bóc tách - DIAMOND") -> (DV) Double bóc tách - DIAMOND | M20: =IFERROR(__xludf.DUMMYFUNCTION("""COMPUTED_VALUE"""),7100000.0) -> 7100000 | P20: =IFERROR(__xludf.DUMMYFUNCTION("""COMPUTED_VALUE"""),FALSE) -> FALSE | Q20: =IFERROR(__xludf.DUMMYFUNCTION("""COMPUTED_VALUE"""),"DỊCH VỤ") -> DỊCH VỤ | R20: =IFERROR(__xludf.DUMMYFUNCTION("""COMPUTED_VALUE"""),"Vãng lai") -> Vãng lai | S20: =IFERROR(__xludf.DUMMYFUNCTION("""COMPUTED_VALUE"""),"CO2 / Cắt đáy sẹo") -> CO2 / Cắt đáy sẹo | T20: =IFERROR(__xludf.DUMMYFUNCTION("""COMPUTED_VALUE"""),0.0) -> 0 | U20: =IFERROR(__xludf.DUMMYFUNCTION("""COMPUTED_VALUE"""),1.0) -> 1 | V20: =IFERROR(__xludf.DUMMYFUNCTION("""COMPUTED_VALUE"""),0.0) -> 0 | W20: =IFERROR(__xludf.DUMMYFUNCTION("""COMPUTED_VALUE"""),1.0) -> 1 | X20: =IFERROR(__xludf.DUMMYFUNCTION("""COMPUTED_VALUE"""),"Nhóm 1: Khách tự nhiên vãng lai (Chỉ có HĐ)") -> Nhóm 1: Khách tự nhiên vãng lai (Chỉ có HĐ)
A21: =IFERROR(__xludf.DUMMYFUNCTION("""COMPUTED_VALUE"""),"0909343459") -> 0909343459 | C21: =IFERROR(__xludf.DUMMYFUNCTION("""COMPUTED_VALUE"""),46027.0) -> 46027 | J21: =IFERROR(__xludf.DUMMYFUNCTION("""COMPUTED_VALUE"""),"HD028038") -> HD028038 | K21: =IFERROR(__xludf.DUMMYFUNCTION("""COMPUTED_VALUE"""),"KH009058") -> KH009058 | L21: =IFERROR(__xludf.DUMMYFUNCTION("""COMPUTED_VALUE"""),"(DV) GÓI TIẾT KIỆM - XÓA CHÂN MÀY TRỌN GÓI") -> (DV) GÓI TIẾT KIỆM - XÓA CHÂN MÀY TRỌN GÓI | M21: =IFERROR(__xludf.DUMMYFUNCTION("""COMPUTED_VALUE"""),0.0) -> 0 | P21: =IFERROR(__xludf.DUMMYFUNCTION("""COMPUTED_VALUE"""),TRUE) -> TRUE | Q21: =IFERROR(__xludf.DUMMYFUNCTION("""COMPUTED_VALUE"""),"DỊCH VỤ") -> DỊCH VỤ | R21: =IFERROR(__xludf.DUMMYFUNCTION("""COMPUTED_VALUE"""),"Vãng lai") -> Vãng lai | S21: =IFERROR(__xludf.DUMMYFUNCTION("""COMPUTED_VALUE"""),"Xóa Laser") -> Xóa Laser | T21: =IFERROR(__xludf.DUMMYFUNCTION("""COMPUTED_VALUE"""),0.0) -> 0 | U21: =IFERROR(__xludf.DUMMYFUNCTION("""COMPUTED_VALUE"""),1.0) -> 1 | V21: =IFERROR(__xludf.DUMMYFUNCTION("""COMPUTED_VALUE"""),0.0) -> 0 | W21: =IFERROR(__xludf.DUMMYFUNCTION("""COMPUTED_VALUE"""),1.0) -> 1 | X21: =IFERROR(__xludf.DUMMYFUNCTION("""COMPUTED_VALUE"""),"Nhóm 1: Khách tự nhiên vãng lai (Chỉ có HĐ)") -> Nhóm 1: Khách tự nhiên vãng lai (Chỉ có HĐ)
A22: =IFERROR(__xludf.DUMMYFUNCTION("""COMPUTED_VALUE"""),"0934776568") -> 0934776568 | C22: =IFERROR(__xludf.DUMMYFUNCTION("""COMPUTED_VALUE"""),46027.0) -> 46027 | J22: =IFERROR(__xludf.DUMMYFUNCTION("""COMPUTED_VALUE"""),"HD028039") -> HD028039 | K22: =IFERROR(__xludf.DUMMYFUNCTION("""COMPUTED_VALUE"""),"KH009059") -> KH009059 | L22: =IFERROR(__xludf.DUMMYFUNCTION("""COMPUTED_VALUE"""),"(DV) Công nghệ CO2 Fractional - Tách thâm") -> (DV) Công nghệ CO2 Fractional - Tách thâm | M22: =IFERROR(__xludf.DUMMYFUNCTION("""COMPUTED_VALUE"""),1490000.0) -> 1490000 | P22: =IFERROR(__xludf.DUMMYFUNCTION("""COMPUTED_VALUE"""),TRUE) -> TRUE | Q22: =IFERROR(__xludf.DUMMYFUNCTION("""COMPUTED_VALUE"""),"DỊCH VỤ") -> DỊCH VỤ | R22: =IFERROR(__xludf.DUMMYFUNCTION("""COMPUTED_VALUE"""),"Vãng lai") -> Vãng lai | S22: =IFERROR(__xludf.DUMMYFUNCTION("""COMPUTED_VALUE"""),"CO2 / Cắt đáy sẹo") -> CO2 / Cắt đáy sẹo | T22: =IFERROR(__xludf.DUMMYFUNCTION("""COMPUTED_VALUE"""),0.0) -> 0 | U22: =IFERROR(__xludf.DUMMYFUNCTION("""COMPUTED_VALUE"""),1.0) -> 1 | V22: =IFERROR(__xludf.DUMMYFUNCTION("""COMPUTED_VALUE"""),0.0) -> 0 | W22: =IFERROR(__xludf.DUMMYFUNCTION("""COMPUTED_VALUE"""),1.0) -> 1 | X22: =IFERROR(__xludf.DUMMYFUNCTION("""COMPUTED_VALUE"""),"Nhóm 1: Khách tự nhiên vãng lai (Chỉ có HĐ)") -> Nhóm 1: Khách tự nhiên vãng lai (Chỉ có HĐ)
A23: =IFERROR(__xludf.DUMMYFUNCTION("""COMPUTED_VALUE"""),"0906380544") -> 0906380544 | C23: =IFERROR(__xludf.DUMMYFUNCTION("""COMPUTED_VALUE"""),46027.0) -> 46027 | J23: =IFERROR(__xludf.DUMMYFUNCTION("""COMPUTED_VALUE"""),"HD028040") -> HD028040 | K23: =IFERROR(__xludf.DUMMYFUNCTION("""COMPUTED_VALUE"""),"KH009052") -> KH009052 | L23: =IFERROR(__xludf.DUMMYFUNCTION("""COMPUTED_VALUE"""),"(DV) Công nghệ CO2 Fractional - Tách thâm") -> (DV) Công nghệ CO2 Fractional - Tách thâm | M23: =IFERROR(__xludf.DUMMYFUNCTION("""COMPUTED_VALUE"""),990000.0) -> 990000 | P23: =IFERROR(__xludf.DUMMYFUNCTION("""COMPUTED_VALUE"""),TRUE) -> TRUE | Q23: =IFERROR(__xludf.DUMMYFUNCTION("""COMPUTED_VALUE"""),"DỊCH VỤ") -> DỊCH VỤ | R23: =IFERROR(__xludf.DUMMYFUNCTION("""COMPUTED_VALUE"""),"Vãng lai") -> Vãng lai | S23: =IFERROR(__xludf.DUMMYFUNCTION("""COMPUTED_VALUE"""),"CO2 / Cắt đáy sẹo") -> CO2 / Cắt đáy sẹo | T23: =IFERROR(__xludf.DUMMYFUNCTION("""COMPUTED_VALUE"""),0.0) -> 0 | U23: =IFERROR(__xludf.DUMMYFUNCTION("""COMPUTED_VALUE"""),1.0) -> 1 | V23: =IFERROR(__xludf.DUMMYFUNCTION("""COMPUTED_VALUE"""),0.0) -> 0 | W23: =IFERROR(__xludf.DUMMYFUNCTION("""COMPUTED_VALUE"""),1.0) -> 1 | X23: =IFERROR(__xludf.DUMMYFUNCTION("""COMPUTED_VALUE"""),"Nhóm 1: Khách tự nhiên vãng lai (Chỉ có HĐ)") -> Nhóm 1: Khách tự nhiên vãng lai (Chỉ có HĐ)
A24: =IFERROR(__xludf.DUMMYFUNCTION("""COMPUTED_VALUE"""),"0934776568") -> 0934776568 | C24: =IFERROR(__xludf.DUMMYFUNCTION("""COMPUTED_VALUE"""),46027.0) -> 46027 | J24: =IFERROR(__xludf.DUMMYFUNCTION("""COMPUTED_VALUE"""),"HD028041") -> HD028041 | K24: =IFERROR(__xludf.DUMMYFUNCTION("""COMPUTED_VALUE"""),"KH009059") -> KH009059 | L24: =IFERROR(__xludf.DUMMYFUNCTION("""COMPUTED_VALUE"""),"(DV) GÓI TIẾT KIỆM - XÓA CHÂN MÀY TRỌN GÓI") -> (DV) GÓI TIẾT KIỆM - XÓA CHÂN MÀY TRỌN GÓI | M24: =IFERROR(__xludf.DUMMYFUNCTION("""COMPUTED_VALUE"""),0.0) -> 0 | P24: =IFERROR(__xludf.DUMMYFUNCTION("""COMPUTED_VALUE"""),TRUE) -> TRUE | Q24: =IFERROR(__xludf.DUMMYFUNCTION("""COMPUTED_VALUE"""),"DỊCH VỤ") -> DỊCH VỤ | R24: =IFERROR(__xludf.DUMMYFUNCTION("""COMPUTED_VALUE"""),"Vãng lai") -> Vãng lai | S24: =IFERROR(__xludf.DUMMYFUNCTION("""COMPUTED_VALUE"""),"Xóa Laser") -> Xóa Laser | T24: =IFERROR(__xludf.DUMMYFUNCTION("""COMPUTED_VALUE"""),0.0) -> 0 | U24: =IFERROR(__xludf.DUMMYFUNCTION("""COMPUTED_VALUE"""),1.0) -> 1 | V24: =IFERROR(__xludf.DUMMYFUNCTION("""COMPUTED_VALUE"""),0.0) -> 0 | W24: =IFERROR(__xludf.DUMMYFUNCTION("""COMPUTED_VALUE"""),1.0) -> 1 | X24: =IFERROR(__xludf.DUMMYFUNCTION("""COMPUTED_VALUE"""),"Nhóm 1: Khách tự nhiên vãng lai (Chỉ có HĐ)") -> Nhóm 1: Khách tự nhiên vãng lai (Chỉ có HĐ)
A25: =IFERROR(__xludf.DUMMYFUNCTION("""COMPUTED_VALUE"""),"0706156010") -> 0706156010 | C25: =IFERROR(__xludf.DUMMYFUNCTION("""COMPUTED_VALUE"""),46027.0) -> 46027 | J25: =IFERROR(__xludf.DUMMYFUNCTION("""COMPUTED_VALUE"""),"HD028042") -> HD028042 | K25: =IFERROR(__xludf.DUMMYFUNCTION("""COMPUTED_VALUE"""),"KH001950") -> KH001950 | L25: =IFERROR(__xludf.DUMMYFUNCTION("""COMPUTED_VALUE"""),"(DV) Double bóc tách - GOLD") -> (DV) Double bóc tách - GOLD | M25: =IFERROR(__xludf.DUMMYFUNCTION("""COMPUTED_VALUE"""),1760000.0) -> 1760000 | P25: =IFERROR(__xludf.DUMMYFUNCTION("""COMPUTED_VALUE"""),FALSE) -> FALSE | Q25: =IFERROR(__xludf.DUMMYFUNCTION("""COMPUTED_VALUE"""),"DỊCH VỤ") -> DỊCH VỤ | R25: =IFERROR(__xludf.DUMMYFUNCTION("""COMPUTED_VALUE"""),"Vãng lai") -> Vãng lai | S25: =IFERROR(__xludf.DUMMYFUNCTION("""COMPUTED_VALUE"""),"CO2 / Cắt đáy sẹo") -> CO2 / Cắt đáy sẹo | T25: =IFERROR(__xludf.DUMMYFUNCTION("""COMPUTED_VALUE"""),0.0) -> 0 | U25: =IFERROR(__xludf.DUMMYFUNCTION("""COMPUTED_VALUE"""),1.0) -> 1 | V25: =IFERROR(__xludf.DUMMYFUNCTION("""COMPUTED_VALUE"""),0.0) -> 0 | W25: =IFERROR(__xludf.DUMMYFUNCTION("""COMPUTED_VALUE"""),1.0) -> 1 | X25: =IFERROR(__xludf.DUMMYFUNCTION("""COMPUTED_VALUE"""),"Nhóm 1: Khách tự nhiên vãng lai (Chỉ có HĐ)") -> Nhóm 1: Khách tự nhiên vãng lai (Chỉ có HĐ)
A26: =IFERROR(__xludf.DUMMYFUNCTION("""COMPUTED_VALUE"""),"0913829298") -> 0913829298 | C26: =IFERROR(__xludf.DUMMYFUNCTION("""COMPUTED_VALUE"""),46027.0) -> 46027 | J26: =IFERROR(__xludf.DUMMYFUNCTION("""COMPUTED_VALUE"""),"HD028043") -> HD028043 | K26: =IFERROR(__xludf.DUMMYFUNCTION("""COMPUTED_VALUE"""),"KH009060") -> KH009060 | L26: =IFERROR(__xludf.DUMMYFUNCTION("""COMPUTED_VALUE"""),"(DV) Tạo sợi tả thực [NỮ] - GIẢNG VIÊN") -> (DV) Tạo sợi tả thực [NỮ] - GIẢNG VIÊN | M26: =IFERROR(__xludf.DUMMYFUNCTION("""COMPUTED_VALUE"""),7800000.0) -> 7800000 | P26: =IFERROR(__xludf.DUMMYFUNCTION("""COMPUTED_VALUE"""),FALSE) -> FALSE | Q26: =IFERROR(__xludf.DUMMYFUNCTION("""COMPUTED_VALUE"""),"DỊCH VỤ") -> DỊCH VỤ | R26: =IFERROR(__xludf.DUMMYFUNCTION("""COMPUTED_VALUE"""),"Vãng lai") -> Vãng lai | S26: =IFERROR(__xludf.DUMMYFUNCTION("""COMPUTED_VALUE"""),"Làm Mày") -> Làm Mày | T26: =IFERROR(__xludf.DUMMYFUNCTION("""COMPUTED_VALUE"""),0.0) -> 0 | U26: =IFERROR(__xludf.DUMMYFUNCTION("""COMPUTED_VALUE"""),1.0) -> 1 | V26: =IFERROR(__xludf.DUMMYFUNCTION("""COMPUTED_VALUE"""),0.0) -> 0 | W26: =IFERROR(__xludf.DUMMYFUNCTION("""COMPUTED_VALUE"""),1.0) -> 1 | X26: =IFERROR(__xludf.DUMMYFUNCTION("""COMPUTED_VALUE"""),"Nhóm 1: Khách tự nhiên vãng lai (Chỉ có HĐ)") -> Nhóm 1: Khách tự nhiên vãng lai (Chỉ có HĐ)
A27: =IFERROR(__xludf.DUMMYFUNCTION("""COMPUTED_VALUE"""),"0704199298") -> 0704199298 | C27: =IFERROR(__xludf.DUMMYFUNCTION("""COMPUTED_VALUE"""),46027.0) -> 46027 | J27: =IFERROR(__xludf.DUMMYFUNCTION("""COMPUTED_VALUE"""),"HD028044") -> HD028044 | K27: =IFERROR(__xludf.DUMMYFUNCTION("""COMPUTED_VALUE"""),"KH009057") -> KH009057 | L27: =IFERROR(__xludf.DUMMYFUNCTION("""COMPUTED_VALUE"""),"(DV) Công nghệ CO2 Fractional - Tách thâm") -> (DV) Công nghệ CO2 Fractional - Tách thâm | M27: =IFERROR(__xludf.DUMMYFUNCTION("""COMPUTED_VALUE"""),2490000.0) -> 2490000 | P27: =IFERROR(__xludf.DUMMYFUNCTION("""COMPUTED_VALUE"""),TRUE) -> TRUE | Q27: =IFERROR(__xludf.DUMMYFUNCTION("""COMPUTED_VALUE"""),"DỊCH VỤ") -> DỊCH VỤ | R27: =IFERROR(__xludf.DUMMYFUNCTION("""COMPUTED_VALUE"""),"Vãng lai") -> Vãng lai | S27: =IFERROR(__xludf.DUMMYFUNCTION("""COMPUTED_VALUE"""),"CO2 / Cắt đáy sẹo") -> CO2 / Cắt đáy sẹo | T27: =IFERROR(__xludf.DUMMYFUNCTION("""COMPUTED_VALUE"""),0.0) -> 0 | U27: =IFERROR(__xludf.DUMMYFUNCTION("""COMPUTED_VALUE"""),1.0) -> 1 | V27: =IFERROR(__xludf.DUMMYFUNCTION("""COMPUTED_VALUE"""),0.0) -> 0 | W27: =IFERROR(__xludf.DUMMYFUNCTION("""COMPUTED_VALUE"""),1.0) -> 1 | X27: =IFERROR(__xludf.DUMMYFUNCTION("""COMPUTED_VALUE"""),"Nhóm 1: Khách tự nhiên vãng lai (Chỉ có HĐ)") -> Nhóm 1: Khách tự nhiên vãng lai (Chỉ có HĐ)
A28: =IFERROR(__xludf.DUMMYFUNCTION("""COMPUTED_VALUE"""),"0908066006") -> 0908066006 | C28: =IFERROR(__xludf.DUMMYFUNCTION("""COMPUTED_VALUE"""),46028.0) -> 46028 | J28: =IFERROR(__xludf.DUMMYFUNCTION("""COMPUTED_VALUE"""),"HD028045") -> HD028045 | K28: =IFERROR(__xludf.DUMMYFUNCTION("""COMPUTED_VALUE"""),"KH008398") -> KH008398 | L28: =IFERROR(__xludf.DUMMYFUNCTION("""COMPUTED_VALUE"""),"(DV) Tạo sợi tả thực [NỮ] - GIẢNG VIÊN") -> (DV) Tạo sợi tả thực [NỮ] - GIẢNG VIÊN | M28: =IFERROR(__xludf.DUMMYFUNCTION("""COMPUTED_VALUE"""),7800000.0) -> 7800000 | P28: =IFERROR(__xludf.DUMMYFUNCTION("""COMPUTED_VALUE"""),FALSE) -> FALSE | Q28: =IFERROR(__xludf.DUMMYFUNCTION("""COMPUTED_VALUE"""),"DỊCH VỤ") -> DỊCH VỤ | R28: =IFERROR(__xludf.DUMMYFUNCTION("""COMPUTED_VALUE"""),"Vãng lai") -> Vãng lai | S28: =IFERROR(__xludf.DUMMYFUNCTION("""COMPUTED_VALUE"""),"Làm Mày") -> Làm Mày | T28: =IFERROR(__xludf.DUMMYFUNCTION("""COMPUTED_VALUE"""),0.0) -> 0 | U28: =IFERROR(__xludf.DUMMYFUNCTION("""COMPUTED_VALUE"""),1.0) -> 1 | V28: =IFERROR(__xludf.DUMMYFUNCTION("""COMPUTED_VALUE"""),0.0) -> 0 | W28: =IFERROR(__xludf.DUMMYFUNCTION("""COMPUTED_VALUE"""),1.0) -> 1 | X28: =IFERROR(__xludf.DUMMYFUNCTION("""COMPUTED_VALUE"""),"Nhóm 1: Khách tự nhiên vãng lai (Chỉ có HĐ)") -> Nhóm 1: Khách tự nhiên vãng lai (Chỉ có HĐ)
A29: =IFERROR(__xludf.DUMMYFUNCTION("""COMPUTED_VALUE"""),"0949100294") -> 0949100294 | C29: =IFERROR(__xludf.DUMMYFUNCTION("""COMPUTED_VALUE"""),46028.0) -> 46028 | J29: =IFERROR(__xludf.DUMMYFUNCTION("""COMPUTED_VALUE"""),"HD028046") -> HD028046 | K29: =IFERROR(__xludf.DUMMYFUNCTION("""COMPUTED_VALUE"""),"KH008546") -> KH008546 | L29: =IFERROR(__xludf.DUMMYFUNCTION("""COMPUTED_VALUE"""),"(DV) Tạo sợi tả thực [NỮ] - DIAMOND") -> (DV) Tạo sợi tả thực [NỮ] - DIAMOND | M29: =IFERROR(__xludf.DUMMYFUNCTION("""COMPUTED_VALUE"""),9720000.0) -> 9720000 | P29: =IFERROR(__xludf.DUMMYFUNCTION("""COMPUTED_VALUE"""),FALSE) -> FALSE | Q29: =IFERROR(__xludf.DUMMYFUNCTION("""COMPUTED_VALUE"""),"DỊCH VỤ") -> DỊCH VỤ | R29: =IFERROR(__xludf.DUMMYFUNCTION("""COMPUTED_VALUE"""),"Vãng lai") -> Vãng lai | S29: =IFERROR(__xludf.DUMMYFUNCTION("""COMPUTED_VALUE"""),"Làm Mày") -> Làm Mày | T29: =IFERROR(__xludf.DUMMYFUNCTION("""COMPUTED_VALUE"""),0.0) -> 0 | U29: =IFERROR(__xludf.DUMMYFUNCTION("""COMPUTED_VALUE"""),1.0) -> 1 | V29: =IFERROR(__xludf.DUMMYFUNCTION("""COMPUTED_VALUE"""),0.0) -> 0 | W29: =IFERROR(__xludf.DUMMYFUNCTION("""COMPUTED_VALUE"""),1.0) -> 1 | X29: =IFERROR(__xludf.DUMMYFUNCTION("""COMPUTED_VALUE"""),"Nhóm 1: Khách tự nhiên vãng lai (Chỉ có HĐ)") -> Nhóm 1: Khách tự nhiên vãng lai (Chỉ có HĐ)
A30: =IFERROR(__xludf.DUMMYFUNCTION("""COMPUTED_VALUE"""),"0949100294") -> 0949100294 | C30: =IFERROR(__xludf.DUMMYFUNCTION("""COMPUTED_VALUE"""),46028.0) -> 46028 | J30: =IFERROR(__xludf.DUMMYFUNCTION("""COMPUTED_VALUE"""),"HD028047") -> HD028047 | K30: =IFERROR(__xludf.DUMMYFUNCTION("""COMPUTED_VALUE"""),"KH008546") -> KH008546 | L30: =IFERROR(__xludf.DUMMYFUNCTION("""COMPUTED_VALUE"""),"(DV) Trẻ hóa da (vùng mặt) (trọn gói)") -> (DV) Trẻ hóa da (vùng mặt) (trọn gói) | M30: =IFERROR(__xludf.DUMMYFUNCTION("""COMPUTED_VALUE"""),2490000.0) -> 2490000 | P30: =IFERROR(__xludf.DUMMYFUNCTION("""COMPUTED_VALUE"""),FALSE) -> FALSE | Q30: =IFERROR(__xludf.DUMMYFUNCTION("""COMPUTED_VALUE"""),"DỊCH VỤ") -> DỊCH VỤ | R30: =IFERROR(__xludf.DUMMYFUNCTION("""COMPUTED_VALUE"""),"Vãng lai") -> Vãng lai | S30: =IFERROR(__xludf.DUMMYFUNCTION("""COMPUTED_VALUE"""),"Dịch vụ/Sản phẩm khác") -> Dịch vụ/Sản phẩm khác | T30: =IFERROR(__xludf.DUMMYFUNCTION("""COMPUTED_VALUE"""),0.0) -> 0 | U30: =IFERROR(__xludf.DUMMYFUNCTION("""COMPUTED_VALUE"""),1.0) -> 1 | V30: =IFERROR(__xludf.DUMMYFUNCTION("""COMPUTED_VALUE"""),0.0) -> 0 | W30: =IFERROR(__xludf.DUMMYFUNCTION("""COMPUTED_VALUE"""),1.0) -> 1 | X30: =IFERROR(__xludf.DUMMYFUNCTION("""COMPUTED_VALUE"""),"Nhóm 1: Khách tự nhiên vãng lai (Chỉ có HĐ)") -> Nhóm 1: Khách tự nhiên vãng lai (Chỉ có HĐ)
A31: =IFERROR(__xludf.DUMMYFUNCTION("""COMPUTED_VALUE"""),"0937637772") -> 0937637772 | C31: =IFERROR(__xludf.DUMMYFUNCTION("""COMPUTED_VALUE"""),46028.0) -> 46028 | J31: =IFERROR(__xludf.DUMMYFUNCTION("""COMPUTED_VALUE"""),"HD028048") -> HD028048 | K31: =IFERROR(__xludf.DUMMYFUNCTION("""COMPUTED_VALUE"""),"KH008547") -> KH008547 | L31: =IFERROR(__xludf.DUMMYFUNCTION("""COMPUTED_VALUE"""),"(DV) Trẻ hóa da (vùng mặt) (trọn gói)") -> (DV) Trẻ hóa da (vùng mặt) (trọn gói) | M31: =IFERROR(__xludf.DUMMYFUNCTION("""COMPUTED_VALUE"""),1990000.0) -> 1990000 | P31: =IFERROR(__xludf.DUMMYFUNCTION("""COMPUTED_VALUE"""),FALSE) -> FALSE | Q31: =IFERROR(__xludf.DUMMYFUNCTION("""COMPUTED_VALUE"""),"DỊCH VỤ") -> DỊCH VỤ | R31: =IFERROR(__xludf.DUMMYFUNCTION("""COMPUTED_VALUE"""),"Vãng lai") -> Vãng lai | S31: =IFERROR(__xludf.DUMMYFUNCTION("""COMPUTED_VALUE"""),"Dịch vụ/Sản phẩm khác") -> Dịch vụ/Sản phẩm khác | T31: =IFERROR(__xludf.DUMMYFUNCTION("""COMPUTED_VALUE"""),0.0) -> 0 | U31: =IFERROR(__xludf.DUMMYFUNCTION("""COMPUTED_VALUE"""),1.0) -> 1 | V31: =IFERROR(__xludf.DUMMYFUNCTION("""COMPUTED_VALUE"""),0.0) -> 0 | W31: =IFERROR(__xludf.DUMMYFUNCTION("""COMPUTED_VALUE"""),1.0) -> 1 | X31: =IFERROR(__xludf.DUMMYFUNCTION("""COMPUTED_VALUE"""),"Nhóm 1: Khách tự nhiên vãng lai (Chỉ có HĐ)") -> Nhóm 1: Khách tự nhiên vãng lai (Chỉ có HĐ)
A32: =IFERROR(__xludf.DUMMYFUNCTION("""COMPUTED_VALUE"""),"0937637772") -> 0937637772 | C32: =IFERROR(__xludf.DUMMYFUNCTION("""COMPUTED_VALUE"""),46028.0) -> 46028 | J32: =IFERROR(__xludf.DUMMYFUNCTION("""COMPUTED_VALUE"""),"HD028049") -> HD028049 | K32: =IFERROR(__xludf.DUMMYFUNCTION("""COMPUTED_VALUE"""),"KH008547") -> KH008547 | L32: =IFERROR(__xludf.DUMMYFUNCTION("""COMPUTED_VALUE"""),"(DV) Tạo sợi tả thực [NỮ] - CÔ HƯỜNG") -> (DV) Tạo sợi tả thực [NỮ] - CÔ HƯỜNG | M32: =IFERROR(__xludf.DUMMYFUNCTION("""COMPUTED_VALUE"""),2.03E7) -> 20300000 | P32: =IFERROR(__xludf.DUMMYFUNCTION("""COMPUTED_VALUE"""),FALSE) -> FALSE | Q32: =IFERROR(__xludf.DUMMYFUNCTION("""COMPUTED_VALUE"""),"DỊCH VỤ") -> DỊCH VỤ | R32: =IFERROR(__xludf.DUMMYFUNCTION("""COMPUTED_VALUE"""),"Vãng lai") -> Vãng lai | S32: =IFERROR(__xludf.DUMMYFUNCTION("""COMPUTED_VALUE"""),"Làm Mày") -> Làm Mày | T32: =IFERROR(__xludf.DUMMYFUNCTION("""COMPUTED_VALUE"""),0.0) -> 0 | U32: =IFERROR(__xludf.DUMMYFUNCTION("""COMPUTED_VALUE"""),1.0) -> 1 | V32: =IFERROR(__xludf.DUMMYFUNCTION("""COMPUTED_VALUE"""),0.0) -> 0 | W32: =IFERROR(__xludf.DUMMYFUNCTION("""COMPUTED_VALUE"""),1.0) -> 1 | X32: =IFERROR(__xludf.DUMMYFUNCTION("""COMPUTED_VALUE"""),"Nhóm 1: Khách tự nhiên vãng lai (Chỉ có HĐ)") -> Nhóm 1: Khách tự nhiên vãng lai (Chỉ có HĐ)
A33: =IFERROR(__xludf.DUMMYFUNCTION("""COMPUTED_VALUE"""),"0775345543") -> 0775345543 | C33: =IFERROR(__xludf.DUMMYFUNCTION("""COMPUTED_VALUE"""),46028.0) -> 46028 | J33: =IFERROR(__xludf.DUMMYFUNCTION("""COMPUTED_VALUE"""),"HD028050") -> HD028050 | K33: =IFERROR(__xludf.DUMMYFUNCTION("""COMPUTED_VALUE"""),"KH009061") -> KH009061 | L33: =IFERROR(__xludf.DUMMYFUNCTION("""COMPUTED_VALUE"""),"(DV) Tạo sợi tả thực (NỮ) - GOLD") -> (DV) Tạo sợi tả thực (NỮ) - GOLD | M33: =IFERROR(__xludf.DUMMYFUNCTION("""COMPUTED_VALUE"""),3390000.0) -> 3390000 | P33: =IFERROR(__xludf.DUMMYFUNCTION("""COMPUTED_VALUE"""),FALSE) -> FALSE | Q33: =IFERROR(__xludf.DUMMYFUNCTION("""COMPUTED_VALUE"""),"DỊCH VỤ") -> DỊCH VỤ | R33: =IFERROR(__xludf.DUMMYFUNCTION("""COMPUTED_VALUE"""),"Vãng lai") -> Vãng lai | S33: =IFERROR(__xludf.DUMMYFUNCTION("""COMPUTED_VALUE"""),"Làm Mày") -> Làm Mày | T33: =IFERROR(__xludf.DUMMYFUNCTION("""COMPUTED_VALUE"""),0.0) -> 0 | U33: =IFERROR(__xludf.DUMMYFUNCTION("""COMPUTED_VALUE"""),1.0) -> 1 | V33: =IFERROR(__xludf.DUMMYFUNCTION("""COMPUTED_VALUE"""),0.0) -> 0 | W33: =IFERROR(__xludf.DUMMYFUNCTION("""COMPUTED_VALUE"""),1.0) -> 1 | X33: =IFERROR(__xludf.DUMMYFUNCTION("""COMPUTED_VALUE"""),"Nhóm 1: Khách tự nhiên vãng lai (Chỉ có HĐ)") -> Nhóm 1: Khách tự nhiên vãng lai (Chỉ có HĐ)
A34: =IFERROR(__xludf.DUMMYFUNCTION("""COMPUTED_VALUE"""),"0357057133") -> 0357057133 | C34: =IFERROR(__xludf.DUMMYFUNCTION("""COMPUTED_VALUE"""),46028.0) -> 46028 | J34: =IFERROR(__xludf.DUMMYFUNCTION("""COMPUTED_VALUE"""),"HD028052") -> HD028052 | K34: =IFERROR(__xludf.DUMMYFUNCTION("""COMPUTED_VALUE"""),"KH008397") -> KH008397 | L34: =IFERROR(__xludf.DUMMYFUNCTION("""COMPUTED_VALUE"""),"(DV) GÓI TIẾT KIỆM - XÓA CHÂN MÀY TRỌN GÓI") -> (DV) GÓI TIẾT KIỆM - XÓA CHÂN MÀY TRỌN GÓI | M34: =IFERROR(__xludf.DUMMYFUNCTION("""COMPUTED_VALUE"""),0.0) -> 0 | P34: =IFERROR(__xludf.DUMMYFUNCTION("""COMPUTED_VALUE"""),TRUE) -> TRUE | Q34: =IFERROR(__xludf.DUMMYFUNCTION("""COMPUTED_VALUE"""),"DỊCH VỤ") -> DỊCH VỤ | R34: =IFERROR(__xludf.DUMMYFUNCTION("""COMPUTED_VALUE"""),"Vãng lai") -> Vãng lai | S34: =IFERROR(__xludf.DUMMYFUNCTION("""COMPUTED_VALUE"""),"Xóa Laser") -> Xóa Laser | T34: =IFERROR(__xludf.DUMMYFUNCTION("""COMPUTED_VALUE"""),0.0) -> 0 | U34: =IFERROR(__xludf.DUMMYFUNCTION("""COMPUTED_VALUE"""),1.0) -> 1 | V34: =IFERROR(__xludf.DUMMYFUNCTION("""COMPUTED_VALUE"""),0.0) -> 0 | W34: =IFERROR(__xludf.DUMMYFUNCTION("""COMPUTED_VALUE"""),1.0) -> 1 | X34: =IFERROR(__xludf.DUMMYFUNCTION("""COMPUTED_VALUE"""),"Nhóm 1: Khách tự nhiên vãng lai (Chỉ có HĐ)") -> Nhóm 1: Khách tự nhiên vãng lai (Chỉ có HĐ)
A35: =IFERROR(__xludf.DUMMYFUNCTION("""COMPUTED_VALUE"""),"0969510292") -> 0969510292 | C35: =IFERROR(__xludf.DUMMYFUNCTION("""COMPUTED_VALUE"""),46028.0) -> 46028 | J35: =IFERROR(__xludf.DUMMYFUNCTION("""COMPUTED_VALUE"""),"HD028053") -> HD028053 | K35: =IFERROR(__xludf.DUMMYFUNCTION("""COMPUTED_VALUE"""),"KH003490") -> KH003490 | L35: =IFERROR(__xludf.DUMMYFUNCTION("""COMPUTED_VALUE"""),"(DV) Tạo sợi tả thực [NỮ] - DIAMOND") -> (DV) Tạo sợi tả thực [NỮ] - DIAMOND | M35: =IFERROR(__xludf.DUMMYFUNCTION("""COMPUTED_VALUE"""),8640000.0) -> 8640000 | P35: =IFERROR(__xludf.DUMMYFUNCTION("""COMPUTED_VALUE"""),FALSE) -> FALSE | Q35: =IFERROR(__xludf.DUMMYFUNCTION("""COMPUTED_VALUE"""),"DỊCH VỤ") -> DỊCH VỤ | R35: =IFERROR(__xludf.DUMMYFUNCTION("""COMPUTED_VALUE"""),"Vãng lai") -> Vãng lai | S35: =IFERROR(__xludf.DUMMYFUNCTION("""COMPUTED_VALUE"""),"Làm Mày") -> Làm Mày | T35: =IFERROR(__xludf.DUMMYFUNCTION("""COMPUTED_VALUE"""),0.0) -> 0 | U35: =IFERROR(__xludf.DUMMYFUNCTION("""COMPUTED_VALUE"""),1.0) -> 1 | V35: =IFERROR(__xludf.DUMMYFUNCTION("""COMPUTED_VALUE"""),0.0) -> 0 | W35: =IFERROR(__xludf.DUMMYFUNCTION("""COMPUTED_VALUE"""),1.0) -> 1 | X35: =IFERROR(__xludf.DUMMYFUNCTION("""COMPUTED_VALUE"""),"Nhóm 1: Khách tự nhiên vãng lai (Chỉ có HĐ)") -> Nhóm 1: Khách tự nhiên vãng lai (Chỉ có HĐ)
A36: =IFERROR(__xludf.DUMMYFUNCTION("""COMPUTED_VALUE"""),"0857326751") -> 0857326751 | C36: =IFERROR(__xludf.DUMMYFUNCTION("""COMPUTED_VALUE"""),46028.0) -> 46028 | J36: =IFERROR(__xludf.DUMMYFUNCTION("""COMPUTED_VALUE"""),"HD028055") -> HD028055 | K36: =IFERROR(__xludf.DUMMYFUNCTION("""COMPUTED_VALUE"""),"KH007718") -> KH007718 | L36: =IFERROR(__xludf.DUMMYFUNCTION("""COMPUTED_VALUE"""),"(DV) GÓI TIẾT KIỆM - XÓA CHÂN MÀY TRỌN GÓI") -> (DV) GÓI TIẾT KIỆM - XÓA CHÂN MÀY TRỌN GÓI | M36: =IFERROR(__xludf.DUMMYFUNCTION("""COMPUTED_VALUE"""),0.0) -> 0 | P36: =IFERROR(__xludf.DUMMYFUNCTION("""COMPUTED_VALUE"""),TRUE) -> TRUE | Q36: =IFERROR(__xludf.DUMMYFUNCTION("""COMPUTED_VALUE"""),"DỊCH VỤ") -> DỊCH VỤ | R36: =IFERROR(__xludf.DUMMYFUNCTION("""COMPUTED_VALUE"""),"Vãng lai") -> Vãng lai | S36: =IFERROR(__xludf.DUMMYFUNCTION("""COMPUTED_VALUE"""),"Xóa Laser") -> Xóa Laser | T36: =IFERROR(__xludf.DUMMYFUNCTION("""COMPUTED_VALUE"""),0.0) -> 0 | U36: =IFERROR(__xludf.DUMMYFUNCTION("""COMPUTED_VALUE"""),1.0) -> 1 | V36: =IFERROR(__xludf.DUMMYFUNCTION("""COMPUTED_VALUE"""),0.0) -> 0 | W36: =IFERROR(__xludf.DUMMYFUNCTION("""COMPUTED_VALUE"""),1.0) -> 1 | X36: =IFERROR(__xludf.DUMMYFUNCTION("""COMPUTED_VALUE"""),"Nhóm 1: Khách tự nhiên vãng lai (Chỉ có HĐ)") -> Nhóm 1: Khách tự nhiên vãng lai (Chỉ có HĐ)
A37: =IFERROR(__xludf.DUMMYFUNCTION("""COMPUTED_VALUE"""),"0906380544") -> 0906380544 | C37: =IFERROR(__xludf.DUMMYFUNCTION("""COMPUTED_VALUE"""),46028.0) -> 46028 | J37: =IFERROR(__xludf.DUMMYFUNCTION("""COMPUTED_VALUE"""),"HD028056") -> HD028056 | K37: =IFERROR(__xludf.DUMMYFUNCTION("""COMPUTED_VALUE"""),"KH009052") -> KH009052 | L37: =IFERROR(__xludf.DUMMYFUNCTION("""COMPUTED_VALUE"""),"(DV) GÓI TIẾT KIỆM - XÓA CHÂN MÀY TRỌN GÓI") -> (DV) GÓI TIẾT KIỆM - XÓA CHÂN MÀY TRỌN GÓI | M37: =IFERROR(__xludf.DUMMYFUNCTION("""COMPUTED_VALUE"""),0.0) -> 0 | P37: =IFERROR(__xludf.DUMMYFUNCTION("""COMPUTED_VALUE"""),TRUE) -> TRUE | Q37: =IFERROR(__xludf.DUMMYFUNCTION("""COMPUTED_VALUE"""),"DỊCH VỤ") -> DỊCH VỤ | R37: =IFERROR(__xludf.DUMMYFUNCTION("""COMPUTED_VALUE"""),"Vãng lai") -> Vãng lai | S37: =IFERROR(__xludf.DUMMYFUNCTION("""COMPUTED_VALUE"""),"Xóa Laser") -> Xóa Laser | T37: =IFERROR(__xludf.DUMMYFUNCTION("""COMPUTED_VALUE"""),0.0) -> 0 | U37: =IFERROR(__xludf.DUMMYFUNCTION("""COMPUTED_VALUE"""),1.0) -> 1 | V37: =IFERROR(__xludf.DUMMYFUNCTION("""COMPUTED_VALUE"""),0.0) -> 0 | W37: =IFERROR(__xludf.DUMMYFUNCTION("""COMPUTED_VALUE"""),1.0) -> 1 | X37: =IFERROR(__xludf.DUMMYFUNCTION("""COMPUTED_VALUE"""),"Nhóm 1: Khách tự nhiên vãng lai (Chỉ có HĐ)") -> Nhóm 1: Khách tự nhiên vãng lai (Chỉ có HĐ)
A38: =IFERROR(__xludf.DUMMYFUNCTION("""COMPUTED_VALUE"""),"0398559073") -> 0398559073 | C38: =IFERROR(__xludf.DUMMYFUNCTION("""COMPUTED_VALUE"""),46028.0) -> 46028 | J38: =IFERROR(__xludf.DUMMYFUNCTION("""COMPUTED_VALUE"""),"HD028060") -> HD028060 | K38: =IFERROR(__xludf.DUMMYFUNCTION("""COMPUTED_VALUE"""),"KH009063") -> KH009063 | L38: =IFERROR(__xludf.DUMMYFUNCTION("""COMPUTED_VALUE"""),"(DV) GÓI TIẾT KIỆM - XÓA CHÂN MÀY TRỌN GÓI") -> (DV) GÓI TIẾT KIỆM - XÓA CHÂN MÀY TRỌN GÓI | M38: =IFERROR(__xludf.DUMMYFUNCTION("""COMPUTED_VALUE"""),0.0) -> 0 | P38: =IFERROR(__xludf.DUMMYFUNCTION("""COMPUTED_VALUE"""),TRUE) -> TRUE | Q38: =IFERROR(__xludf.DUMMYFUNCTION("""COMPUTED_VALUE"""),"DỊCH VỤ") -> DỊCH VỤ | R38: =IFERROR(__xludf.DUMMYFUNCTION("""COMPUTED_VALUE"""),"Vãng lai") -> Vãng lai | S38: =IFERROR(__xludf.DUMMYFUNCTION("""COMPUTED_VALUE"""),"Xóa Laser") -> Xóa Laser | T38: =IFERROR(__xludf.DUMMYFUNCTION("""COMPUTED_VALUE"""),0.0) -> 0 | U38: =IFERROR(__xludf.DUMMYFUNCTION("""COMPUTED_VALUE"""),1.0) -> 1 | V38: =IFERROR(__xludf.DUMMYFUNCTION("""COMPUTED_VALUE"""),0.0) -> 0 | W38: =IFERROR(__xludf.DUMMYFUNCTION("""COMPUTED_VALUE"""),1.0) -> 1 | X38: =IFERROR(__xludf.DUMMYFUNCTION("""COMPUTED_VALUE"""),"Nhóm 1: Khách tự nhiên vãng lai (Chỉ có HĐ)") -> Nhóm 1: Khách tự nhiên vãng lai (Chỉ có HĐ)
A39: =IFERROR(__xludf.DUMMYFUNCTION("""COMPUTED_VALUE"""),"0909008714") -> 0909008714 | C39: =IFERROR(__xludf.DUMMYFUNCTION("""COMPUTED_VALUE"""),46028.0) -> 46028 | J39: =IFERROR(__xludf.DUMMYFUNCTION("""COMPUTED_VALUE"""),"HD028061") -> HD028061 | K39: =IFERROR(__xludf.DUMMYFUNCTION("""COMPUTED_VALUE"""),"KH009064") -> KH009064 | L39: =IFERROR(__xludf.DUMMYFUNCTION("""COMPUTED_VALUE"""),"(DV) GÓI TIẾT KIỆM - XÓA CHÂN MÀY TRỌN GÓI") -> (DV) GÓI TIẾT KIỆM - XÓA CHÂN MÀY TRỌN GÓI | M39: =IFERROR(__xludf.DUMMYFUNCTION("""COMPUTED_VALUE"""),0.0) -> 0 | P39: =IFERROR(__xludf.DUMMYFUNCTION("""COMPUTED_VALUE"""),TRUE) -> TRUE | Q39: =IFERROR(__xludf.DUMMYFUNCTION("""COMPUTED_VALUE"""),"DỊCH VỤ") -> DỊCH VỤ | R39: =IFERROR(__xludf.DUMMYFUNCTION("""COMPUTED_VALUE"""),"Vãng lai") -> Vãng lai | S39: =IFERROR(__xludf.DUMMYFUNCTION("""COMPUTED_VALUE"""),"Xóa Laser") -> Xóa Laser | T39: =IFERROR(__xludf.DUMMYFUNCTION("""COMPUTED_VALUE"""),0.0) -> 0 | U39: =IFERROR(__xludf.DUMMYFUNCTION("""COMPUTED_VALUE"""),1.0) -> 1 | V39: =IFERROR(__xludf.DUMMYFUNCTION("""COMPUTED_VALUE"""),0.0) -> 0 | W39: =IFERROR(__xludf.DUMMYFUNCTION("""COMPUTED_VALUE"""),1.0) -> 1 | X39: =IFERROR(__xludf.DUMMYFUNCTION("""COMPUTED_VALUE"""),"Nhóm 1: Khách tự nhiên vãng lai (Chỉ có HĐ)") -> Nhóm 1: Khách tự nhiên vãng lai (Chỉ có HĐ)
A40: =IFERROR(__xludf.DUMMYFUNCTION("""COMPUTED_VALUE"""),"0856142147") -> 0856142147 | C40: =IFERROR(__xludf.DUMMYFUNCTION("""COMPUTED_VALUE"""),46028.0) -> 46028 | J40: =IFERROR(__xludf.DUMMYFUNCTION("""COMPUTED_VALUE"""),"HD028063") -> HD028063 | K40: =IFERROR(__xludf.DUMMYFUNCTION("""COMPUTED_VALUE"""),"KH009065") -> KH009065 | L40: =IFERROR(__xludf.DUMMYFUNCTION("""COMPUTED_VALUE"""),"(DV) GÓI TIẾT KIỆM - XÓA CHÂN MÀY TRỌN GÓI") -> (DV) GÓI TIẾT KIỆM - XÓA CHÂN MÀY TRỌN GÓI | M40: =IFERROR(__xludf.DUMMYFUNCTION("""COMPUTED_VALUE"""),0.0) -> 0 | P40: =IFERROR(__xludf.DUMMYFUNCTION("""COMPUTED_VALUE"""),TRUE) -> TRUE | Q40: =IFERROR(__xludf.DUMMYFUNCTION("""COMPUTED_VALUE"""),"DỊCH VỤ") -> DỊCH VỤ | R40: =IFERROR(__xludf.DUMMYFUNCTION("""COMPUTED_VALUE"""),"Vãng lai") -> Vãng lai | S40: =IFERROR(__xludf.DUMMYFUNCTION("""COMPUTED_VALUE"""),"Xóa Laser") -> Xóa Laser | T40: =IFERROR(__xludf.DUMMYFUNCTION("""COMPUTED_VALUE"""),0.0) -> 0 | U40: =IFERROR(__xludf.DUMMYFUNCTION("""COMPUTED_VALUE"""),1.0) -> 1 | V40: =IFERROR(__xludf.DUMMYFUNCTION("""COMPUTED_VALUE"""),0.0) -> 0 | W40: =IFERROR(__xludf.DUMMYFUNCTION("""COMPUTED_VALUE"""),1.0) -> 1 | X40: =IFERROR(__xludf.DUMMYFUNCTION("""COMPUTED_VALUE"""),"Nhóm 1: Khách tự nhiên vãng lai (Chỉ có HĐ)") -> Nhóm 1: Khách tự nhiên vãng lai (Chỉ có HĐ)
A41: =IFERROR(__xludf.DUMMYFUNCTION("""COMPUTED_VALUE"""),"0943274949") -> 0943274949 | C41: =IFERROR(__xludf.DUMMYFUNCTION("""COMPUTED_VALUE"""),46028.0) -> 46028 | J41: =IFERROR(__xludf.DUMMYFUNCTION("""COMPUTED_VALUE"""),"HD028064") -> HD028064 | K41: =IFERROR(__xludf.DUMMYFUNCTION("""COMPUTED_VALUE"""),"KH007602") -> KH007602 | L41: =IFERROR(__xludf.DUMMYFUNCTION("""COMPUTED_VALUE"""),"(DV) Công nghệ Xóa Phi Kim - Xóa chân mày (trọn gói)") -> (DV) Công nghệ Xóa Phi Kim - Xóa chân mày (trọn gói) | M41: =IFERROR(__xludf.DUMMYFUNCTION("""COMPUTED_VALUE"""),0.0) -> 0 | P41: =IFERROR(__xludf.DUMMYFUNCTION("""COMPUTED_VALUE"""),FALSE) -> FALSE | Q41: =IFERROR(__xludf.DUMMYFUNCTION("""COMPUTED_VALUE"""),"DỊCH VỤ") -> DỊCH VỤ | R41: =IFERROR(__xludf.DUMMYFUNCTION("""COMPUTED_VALUE"""),"Vãng lai") -> Vãng lai | S41: =IFERROR(__xludf.DUMMYFUNCTION("""COMPUTED_VALUE"""),"Xóa Laser") -> Xóa Laser | T41: =IFERROR(__xludf.DUMMYFUNCTION("""COMPUTED_VALUE"""),0.0) -> 0 | U41: =IFERROR(__xludf.DUMMYFUNCTION("""COMPUTED_VALUE"""),1.0) -> 1 | V41: =IFERROR(__xludf.DUMMYFUNCTION("""COMPUTED_VALUE"""),0.0) -> 0 | W41: =IFERROR(__xludf.DUMMYFUNCTION("""COMPUTED_VALUE"""),1.0) -> 1 | X41: =IFERROR(__xludf.DUMMYFUNCTION("""COMPUTED_VALUE"""),"Nhóm 1: Khách tự nhiên vãng lai (Chỉ có HĐ)") -> Nhóm 1: Khách tự nhiên vãng lai (Chỉ có HĐ)
A42: =IFERROR(__xludf.DUMMYFUNCTION("""COMPUTED_VALUE"""),"0368216596") -> 0368216596 | C42: =IFERROR(__xludf.DUMMYFUNCTION("""COMPUTED_VALUE"""),46028.0) -> 46028 | J42: =IFERROR(__xludf.DUMMYFUNCTION("""COMPUTED_VALUE"""),"HD028065") -> HD028065 | K42: =IFERROR(__xludf.DUMMYFUNCTION("""COMPUTED_VALUE"""),"KH008491") -> KH008491 | L42: =IFERROR(__xludf.DUMMYFUNCTION("""COMPUTED_VALUE"""),"(DV) Khử thâm + Phun môi - GOLD") -> (DV) Khử thâm + Phun môi - GOLD | M42: =IFERROR(__xludf.DUMMYFUNCTION("""COMPUTED_VALUE"""),3690000.0) -> 3690000 | P42: =IFERROR(__xludf.DUMMYFUNCTION("""COMPUTED_VALUE"""),FALSE) -> FALSE | Q42: =IFERROR(__xludf.DUMMYFUNCTION("""COMPUTED_VALUE"""),"DỊCH VỤ") -> DỊCH VỤ | R42: =IFERROR(__xludf.DUMMYFUNCTION("""COMPUTED_VALUE"""),"Vãng lai") -> Vãng lai | S42: =IFERROR(__xludf.DUMMYFUNCTION("""COMPUTED_VALUE"""),"Làm Môi") -> Làm Môi | T42: =IFERROR(__xludf.DUMMYFUNCTION("""COMPUTED_VALUE"""),0.0) -> 0 | U42: =IFERROR(__xludf.DUMMYFUNCTION("""COMPUTED_VALUE"""),1.0) -> 1 | V42: =IFERROR(__xludf.DUMMYFUNCTION("""COMPUTED_VALUE"""),0.0) -> 0 | W42: =IFERROR(__xludf.DUMMYFUNCTION("""COMPUTED_VALUE"""),1.0) -> 1 | X42: =IFERROR(__xludf.DUMMYFUNCTION("""COMPUTED_VALUE"""),"Nhóm 1: Khách tự nhiên vãng lai (Chỉ có HĐ)") -> Nhóm 1: Khách tự nhiên vãng lai (Chỉ có HĐ)
A43: =IFERROR(__xludf.DUMMYFUNCTION("""COMPUTED_VALUE"""),"0903669698") -> 0903669698 | C43: =IFERROR(__xludf.DUMMYFUNCTION("""COMPUTED_VALUE"""),46028.0) -> 46028 | J43: =IFERROR(__xludf.DUMMYFUNCTION("""COMPUTED_VALUE"""),"HD028068") -> HD028068 | K43: =IFERROR(__xludf.DUMMYFUNCTION("""COMPUTED_VALUE"""),"KH008845") -> KH008845 | L43: =IFERROR(__xludf.DUMMYFUNCTION("""COMPUTED_VALUE"""),"(DV) GÓI TIẾT KIỆM - XÓA CHÂN MÀY TRỌN GÓI") -> (DV) GÓI TIẾT KIỆM - XÓA CHÂN MÀY TRỌN GÓI | M43: =IFERROR(__xludf.DUMMYFUNCTION("""COMPUTED_VALUE"""),0.0) -> 0 | P43: =IFERROR(__xludf.DUMMYFUNCTION("""COMPUTED_VALUE"""),TRUE) -> TRUE | Q43: =IFERROR(__xludf.DUMMYFUNCTION("""COMPUTED_VALUE"""),"DỊCH VỤ") -> DỊCH VỤ | R43: =IFERROR(__xludf.DUMMYFUNCTION("""COMPUTED_VALUE"""),"Vãng lai") -> Vãng lai | S43: =IFERROR(__xludf.DUMMYFUNCTION("""COMPUTED_VALUE"""),"Xóa Laser") -> Xóa Laser | T43: =IFERROR(__xludf.DUMMYFUNCTION("""COMPUTED_VALUE"""),0.0) -> 0 | U43: =IFERROR(__xludf.DUMMYFUNCTION("""COMPUTED_VALUE"""),1.0) -> 1 | V43: =IFERROR(__xludf.DUMMYFUNCTION("""COMPUTED_VALUE"""),0.0) -> 0 | W43: =IFERROR(__xludf.DUMMYFUNCTION("""COMPUTED_VALUE"""),1.0) -> 1 | X43: =IFERROR(__xludf.DUMMYFUNCTION("""COMPUTED_VALUE"""),"Nhóm 1: Khách tự nhiên vãng lai (Chỉ có HĐ)") -> Nhóm 1: Khách tự nhiên vãng lai (Chỉ có HĐ)
A44: =IFERROR(__xludf.DUMMYFUNCTION("""COMPUTED_VALUE"""),"0918884788") -> 0918884788 | C44: =IFERROR(__xludf.DUMMYFUNCTION("""COMPUTED_VALUE"""),46028.0) -> 46028 | J44: =IFERROR(__xludf.DUMMYFUNCTION("""COMPUTED_VALUE"""),"HD028069") -> HD028069 | K44: =IFERROR(__xludf.DUMMYFUNCTION("""COMPUTED_VALUE"""),"KH008331") -> KH008331 | L44: =IFERROR(__xludf.DUMMYFUNCTION("""COMPUTED_VALUE"""),"(DV) GÓI TIẾT KIỆM - XÓA CHÂN MÀY TRỌN GÓI") -> (DV) GÓI TIẾT KIỆM - XÓA CHÂN MÀY TRỌN GÓI | M44: =IFERROR(__xludf.DUMMYFUNCTION("""COMPUTED_VALUE"""),0.0) -> 0 | P44: =IFERROR(__xludf.DUMMYFUNCTION("""COMPUTED_VALUE"""),TRUE) -> TRUE | Q44: =IFERROR(__xludf.DUMMYFUNCTION("""COMPUTED_VALUE"""),"DỊCH VỤ") -> DỊCH VỤ | R44: =IFERROR(__xludf.DUMMYFUNCTION("""COMPUTED_VALUE"""),"Vãng lai") -> Vãng lai | S44: =IFERROR(__xludf.DUMMYFUNCTION("""COMPUTED_VALUE"""),"Xóa Laser") -> Xóa Laser | T44: =IFERROR(__xludf.DUMMYFUNCTION("""COMPUTED_VALUE"""),0.0) -> 0 | U44: =IFERROR(__xludf.DUMMYFUNCTION("""COMPUTED_VALUE"""),1.0) -> 1 | V44: =IFERROR(__xludf.DUMMYFUNCTION("""COMPUTED_VALUE"""),0.0) -> 0 | W44: =IFERROR(__xludf.DUMMYFUNCTION("""COMPUTED_VALUE"""),1.0) -> 1 | X44: =IFERROR(__xludf.DUMMYFUNCTION("""COMPUTED_VALUE"""),"Nhóm 1: Khách tự nhiên vãng lai (Chỉ có HĐ)") -> Nhóm 1: Khách tự nhiên vãng lai (Chỉ có HĐ)
A45: =IFERROR(__xludf.DUMMYFUNCTION("""COMPUTED_VALUE"""),"0918076556") -> 0918076556 | C45: =IFERROR(__xludf.DUMMYFUNCTION("""COMPUTED_VALUE"""),46028.0) -> 46028 | J45: =IFERROR(__xludf.DUMMYFUNCTION("""COMPUTED_VALUE"""),"HD028071") -> HD028071 | K45: =IFERROR(__xludf.DUMMYFUNCTION("""COMPUTED_VALUE"""),"KH008342") -> KH008342 | L45: =IFERROR(__xludf.DUMMYFUNCTION("""COMPUTED_VALUE"""),"(DV) GÓI TIẾT KIỆM - XÓA CHÂN MÀY TRỌN GÓI") -> (DV) GÓI TIẾT KIỆM - XÓA CHÂN MÀY TRỌN GÓI | M45: =IFERROR(__xludf.DUMMYFUNCTION("""COMPUTED_VALUE"""),0.0) -> 0 | P45: =IFERROR(__xludf.DUMMYFUNCTION("""COMPUTED_VALUE"""),TRUE) -> TRUE | Q45: =IFERROR(__xludf.DUMMYFUNCTION("""COMPUTED_VALUE"""),"DỊCH VỤ") -> DỊCH VỤ | R45: =IFERROR(__xludf.DUMMYFUNCTION("""COMPUTED_VALUE"""),"Vãng lai") -> Vãng lai | S45: =IFERROR(__xludf.DUMMYFUNCTION("""COMPUTED_VALUE"""),"Xóa Laser") -> Xóa Laser | T45: =IFERROR(__xludf.DUMMYFUNCTION("""COMPUTED_VALUE"""),0.0) -> 0 | U45: =IFERROR(__xludf.DUMMYFUNCTION("""COMPUTED_VALUE"""),1.0) -> 1 | V45: =IFERROR(__xludf.DUMMYFUNCTION("""COMPUTED_VALUE"""),0.0) -> 0 | W45: =IFERROR(__xludf.DUMMYFUNCTION("""COMPUTED_VALUE"""),1.0) -> 1 | X45: =IFERROR(__xludf.DUMMYFUNCTION("""COMPUTED_VALUE"""),"Nhóm 1: Khách tự nhiên vãng lai (Chỉ có HĐ)") -> Nhóm 1: Khách tự nhiên vãng lai (Chỉ có HĐ)
A46: =IFERROR(__xludf.DUMMYFUNCTION("""COMPUTED_VALUE"""),"0975559242") -> 0975559242 | C46: =IFERROR(__xludf.DUMMYFUNCTION("""COMPUTED_VALUE"""),46028.0) -> 46028 | J46: =IFERROR(__xludf.DUMMYFUNCTION("""COMPUTED_VALUE"""),"HD028074") -> HD028074 | K46: =IFERROR(__xludf.DUMMYFUNCTION("""COMPUTED_VALUE"""),"KH007833") -> KH007833 | L46: =IFERROR(__xludf.DUMMYFUNCTION("""COMPUTED_VALUE"""),"(DV) GÓI TIẾT KIỆM - XÓA CHÂN MÀY TRỌN GÓI") -> (DV) GÓI TIẾT KIỆM - XÓA CHÂN MÀY TRỌN GÓI | M46: =IFERROR(__xludf.DUMMYFUNCTION("""COMPUTED_VALUE"""),0.0) -> 0 | P46: =IFERROR(__xludf.DUMMYFUNCTION("""COMPUTED_VALUE"""),TRUE) -> TRUE | Q46: =IFERROR(__xludf.DUMMYFUNCTION("""COMPUTED_VALUE"""),"DỊCH VỤ") -> DỊCH VỤ | R46: =IFERROR(__xludf.DUMMYFUNCTION("""COMPUTED_VALUE"""),"Vãng lai") -> Vãng lai | S46: =IFERROR(__xludf.DUMMYFUNCTION("""COMPUTED_VALUE"""),"Xóa Laser") -> Xóa Laser | T46: =IFERROR(__xludf.DUMMYFUNCTION("""COMPUTED_VALUE"""),0.0) -> 0 | U46: =IFERROR(__xludf.DUMMYFUNCTION("""COMPUTED_VALUE"""),1.0) -> 1 | V46: =IFERROR(__xludf.DUMMYFUNCTION("""COMPUTED_VALUE"""),0.0) -> 0 | W46: =IFERROR(__xludf.DUMMYFUNCTION("""COMPUTED_VALUE"""),1.0) -> 1 | X46: =IFERROR(__xludf.DUMMYFUNCTION("""COMPUTED_VALUE"""),"Nhóm 1: Khách tự nhiên vãng lai (Chỉ có HĐ)") -> Nhóm 1: Khách tự nhiên vãng lai (Chỉ có HĐ)
A47: =IFERROR(__xludf.DUMMYFUNCTION("""COMPUTED_VALUE"""),"0948777277") -> 0948777277 | C47: =IFERROR(__xludf.DUMMYFUNCTION("""COMPUTED_VALUE"""),46028.0) -> 46028 | J47: =IFERROR(__xludf.DUMMYFUNCTION("""COMPUTED_VALUE"""),"HD028077") -> HD028077 | K47: =IFERROR(__xludf.DUMMYFUNCTION("""COMPUTED_VALUE"""),"KH009067") -> KH009067 | L47: =IFERROR(__xludf.DUMMYFUNCTION("""COMPUTED_VALUE"""),"(DV) GÓI TIẾT KIỆM - XÓA CHÂN MÀY TRỌN GÓI") -> (DV) GÓI TIẾT KIỆM - XÓA CHÂN MÀY TRỌN GÓI | M47: =IFERROR(__xludf.DUMMYFUNCTION("""COMPUTED_VALUE"""),0.0) -> 0 | P47: =IFERROR(__xludf.DUMMYFUNCTION("""COMPUTED_VALUE"""),TRUE) -> TRUE | Q47: =IFERROR(__xludf.DUMMYFUNCTION("""COMPUTED_VALUE"""),"DỊCH VỤ") -> DỊCH VỤ | R47: =IFERROR(__xludf.DUMMYFUNCTION("""COMPUTED_VALUE"""),"Vãng lai") -> Vãng lai | S47: =IFERROR(__xludf.DUMMYFUNCTION("""COMPUTED_VALUE"""),"Xóa Laser") -> Xóa Laser | T47: =IFERROR(__xludf.DUMMYFUNCTION("""COMPUTED_VALUE"""),0.0) -> 0 | U47: =IFERROR(__xludf.DUMMYFUNCTION("""COMPUTED_VALUE"""),1.0) -> 1 | V47: =IFERROR(__xludf.DUMMYFUNCTION("""COMPUTED_VALUE"""),0.0) -> 0 | W47: =IFERROR(__xludf.DUMMYFUNCTION("""COMPUTED_VALUE"""),1.0) -> 1 | X47: =IFERROR(__xludf.DUMMYFUNCTION("""COMPUTED_VALUE"""),"Nhóm 1: Khách tự nhiên vãng lai (Chỉ có HĐ)") -> Nhóm 1: Khách tự nhiên vãng lai (Chỉ có HĐ)
A48: =IFERROR(__xludf.DUMMYFUNCTION("""COMPUTED_VALUE"""),"0909848711") -> 0909848711 | C48: =IFERROR(__xludf.DUMMYFUNCTION("""COMPUTED_VALUE"""),46029.0) -> 46029 | J48: =IFERROR(__xludf.DUMMYFUNCTION("""COMPUTED_VALUE"""),"HD028084") -> HD028084 | K48: =IFERROR(__xludf.DUMMYFUNCTION("""COMPUTED_VALUE"""),"KH008354") -> KH008354 | L48: =IFERROR(__xludf.DUMMYFUNCTION("""COMPUTED_VALUE"""),"(DV) Tạo sợi tả thực [NỮ] - GIẢNG VIÊN") -> (DV) Tạo sợi tả thực [NỮ] - GIẢNG VIÊN | M48: =IFERROR(__xludf.DUMMYFUNCTION("""COMPUTED_VALUE"""),7800000.0) -> 7800000 | P48: =IFERROR(__xludf.DUMMYFUNCTION("""COMPUTED_VALUE"""),FALSE) -> FALSE | Q48: =IFERROR(__xludf.DUMMYFUNCTION("""COMPUTED_VALUE"""),"DỊCH VỤ") -> DỊCH VỤ | R48: =IFERROR(__xludf.DUMMYFUNCTION("""COMPUTED_VALUE"""),"Vãng lai") -> Vãng lai | S48: =IFERROR(__xludf.DUMMYFUNCTION("""COMPUTED_VALUE"""),"Làm Mày") -> Làm Mày | T48: =IFERROR(__xludf.DUMMYFUNCTION("""COMPUTED_VALUE"""),0.0) -> 0 | U48: =IFERROR(__xludf.DUMMYFUNCTION("""COMPUTED_VALUE"""),1.0) -> 1 | V48: =IFERROR(__xludf.DUMMYFUNCTION("""COMPUTED_VALUE"""),0.0) -> 0 | W48: =IFERROR(__xludf.DUMMYFUNCTION("""COMPUTED_VALUE"""),1.0) -> 1 | X48: =IFERROR(__xludf.DUMMYFUNCTION("""COMPUTED_VALUE"""),"Nhóm 1: Khách tự nhiên vãng lai (Chỉ có HĐ)") -> Nhóm 1: Khách tự nhiên vãng lai (Chỉ có HĐ)
A49: =IFERROR(__xludf.DUMMYFUNCTION("""COMPUTED_VALUE"""),"0899313582") -> 0899313582 | C49: =IFERROR(__xludf.DUMMYFUNCTION("""COMPUTED_VALUE"""),46029.0) -> 46029 | J49: =IFERROR(__xludf.DUMMYFUNCTION("""COMPUTED_VALUE"""),"HD028085") -> HD028085 | K49: =IFERROR(__xludf.DUMMYFUNCTION("""COMPUTED_VALUE"""),"KH009066") -> KH009066 | L49: =IFERROR(__xludf.DUMMYFUNCTION("""COMPUTED_VALUE"""),"(DV) Double bóc tách - DIAMOND") -> (DV) Double bóc tách - DIAMOND | M49: =IFERROR(__xludf.DUMMYFUNCTION("""COMPUTED_VALUE"""),1.05E7) -> 10500000 | P49: =IFERROR(__xludf.DUMMYFUNCTION("""COMPUTED_VALUE"""),FALSE) -> FALSE | Q49: =IFERROR(__xludf.DUMMYFUNCTION("""COMPUTED_VALUE"""),"DỊCH VỤ") -> DỊCH VỤ | R49: =IFERROR(__xludf.DUMMYFUNCTION("""COMPUTED_VALUE"""),"Vãng lai") -> Vãng lai | S49: =IFERROR(__xludf.DUMMYFUNCTION("""COMPUTED_VALUE"""),"CO2 / Cắt đáy sẹo") -> CO2 / Cắt đáy sẹo | T49: =IFERROR(__xludf.DUMMYFUNCTION("""COMPUTED_VALUE"""),0.0) -> 0 | U49: =IFERROR(__xludf.DUMMYFUNCTION("""COMPUTED_VALUE"""),1.0) -> 1 | V49: =IFERROR(__xludf.DUMMYFUNCTION("""COMPUTED_VALUE"""),0.0) -> 0 | W49: =IFERROR(__xludf.DUMMYFUNCTION("""COMPUTED_VALUE"""),1.0) -> 1 | X49: =IFERROR(__xludf.DUMMYFUNCTION("""COMPUTED_VALUE"""),"Nhóm 1: Khách tự nhiên vãng lai (Chỉ có HĐ)") -> Nhóm 1: Khách tự nhiên vãng lai (Chỉ có HĐ)
A50: =IFERROR(__xludf.DUMMYFUNCTION("""COMPUTED_VALUE"""),"0899313582") -> 0899313582 | C50: =IFERROR(__xludf.DUMMYFUNCTION("""COMPUTED_VALUE"""),46029.0) -> 46029 | J50: =IFERROR(__xludf.DUMMYFUNCTION("""COMPUTED_VALUE"""),"HD028086") -> HD028086 | K50: =IFERROR(__xludf.DUMMYFUNCTION("""COMPUTED_VALUE"""),"KH009066") -> KH009066 | L50: =IFERROR(__xludf.DUMMYFUNCTION("""COMPUTED_VALUE"""),"(DV) - Làm hồng nhũ hoa") -> (DV) - Làm hồng nhũ hoa | M50: =IFERROR(__xludf.DUMMYFUNCTION("""COMPUTED_VALUE"""),1.5E7) -> 15000000 | P50: =IFERROR(__xludf.DUMMYFUNCTION("""COMPUTED_VALUE"""),FALSE) -> FALSE | Q50: =IFERROR(__xludf.DUMMYFUNCTION("""COMPUTED_VALUE"""),"DỊCH VỤ") -> DỊCH VỤ | R50: =IFERROR(__xludf.DUMMYFUNCTION("""COMPUTED_VALUE"""),"Vãng lai") -> Vãng lai | S50: =IFERROR(__xludf.DUMMYFUNCTION("""COMPUTED_VALUE"""),"Dịch vụ/Sản phẩm khác") -> Dịch vụ/Sản phẩm khác | T50: =IFERROR(__xludf.DUMMYFUNCTION("""COMPUTED_VALUE"""),0.0) -> 0 | U50: =IFERROR(__xludf.DUMMYFUNCTION("""COMPUTED_VALUE"""),1.0) -> 1 | V50: =IFERROR(__xludf.DUMMYFUNCTION("""COMPUTED_VALUE"""),0.0) -> 0 | W50: =IFERROR(__xludf.DUMMYFUNCTION("""COMPUTED_VALUE"""),1.0) -> 1 | X50: =IFERROR(__xludf.DUMMYFUNCTION("""COMPUTED_VALUE"""),"Nhóm 1: Khách tự nhiên vãng lai (Chỉ có HĐ)") -> Nhóm 1: Khách tự nhiên vãng lai (Chỉ có HĐ)
A51: =IFERROR(__xludf.DUMMYFUNCTION("""COMPUTED_VALUE"""),"0932223390") -> 0932223390 | C51: =IFERROR(__xludf.DUMMYFUNCTION("""COMPUTED_VALUE"""),46029.0) -> 46029 | J51: =IFERROR(__xludf.DUMMYFUNCTION("""COMPUTED_VALUE"""),"HD028089") -> HD028089 | K51: =IFERROR(__xludf.DUMMYFUNCTION("""COMPUTED_VALUE"""),"KH009069") -> KH009069 | L51: =IFERROR(__xludf.DUMMYFUNCTION("""COMPUTED_VALUE"""),"(DV) Xử lý nốt ruồi (nốt)") -> (DV) Xử lý nốt ruồi (nốt) | M51: =IFERROR(__xludf.DUMMYFUNCTION("""COMPUTED_VALUE"""),500000.0) -> 500000 | P51: =IFERROR(__xludf.DUMMYFUNCTION("""COMPUTED_VALUE"""),FALSE) -> FALSE | Q51: =IFERROR(__xludf.DUMMYFUNCTION("""COMPUTED_VALUE"""),"DỊCH VỤ") -> DỊCH VỤ | R51: =IFERROR(__xludf.DUMMYFUNCTION("""COMPUTED_VALUE"""),"Vãng lai") -> Vãng lai | S51: =IFERROR(__xludf.DUMMYFUNCTION("""COMPUTED_VALUE"""),"Dịch vụ/Sản phẩm khác") -> Dịch vụ/Sản phẩm khác | T51: =IFERROR(__xludf.DUMMYFUNCTION("""COMPUTED_VALUE"""),0.0) -> 0 | U51: =IFERROR(__xludf.DUMMYFUNCTION("""COMPUTED_VALUE"""),1.0) -> 1 | V51: =IFERROR(__xludf.DUMMYFUNCTION("""COMPUTED_VALUE"""),0.0) -> 0 | W51: =IFERROR(__xludf.DUMMYFUNCTION("""COMPUTED_VALUE"""),1.0) -> 1 | X51: =IFERROR(__xludf.DUMMYFUNCTION("""COMPUTED_VALUE"""),"Nhóm 1: Khách tự nhiên vãng lai (Chỉ có HĐ)") -> Nhóm 1: Khách tự nhiên vãng lai (Chỉ có HĐ)
A52: =IFERROR(__xludf.DUMMYFUNCTION("""COMPUTED_VALUE"""),"0906967960") -> 0906967960 | C52: =IFERROR(__xludf.DUMMYFUNCTION("""COMPUTED_VALUE"""),46029.0) -> 46029 | J52: =IFERROR(__xludf.DUMMYFUNCTION("""COMPUTED_VALUE"""),"HD028092") -> HD028092 | K52: =IFERROR(__xludf.DUMMYFUNCTION("""COMPUTED_VALUE"""),"KH008465") -> KH008465 | L52: =IFERROR(__xludf.DUMMYFUNCTION("""COMPUTED_VALUE"""),"(DV) Tạo sợi tả thực (NỮ) - GOLD") -> (DV) Tạo sợi tả thực (NỮ) - GOLD | M52: =IFERROR(__xludf.DUMMYFUNCTION("""COMPUTED_VALUE"""),2600000.0) -> 2600000 | P52: =IFERROR(__xludf.DUMMYFUNCTION("""COMPUTED_VALUE"""),FALSE) -> FALSE | Q52: =IFERROR(__xludf.DUMMYFUNCTION("""COMPUTED_VALUE"""),"DỊCH VỤ") -> DỊCH VỤ | R52: =IFERROR(__xludf.DUMMYFUNCTION("""COMPUTED_VALUE"""),"Vãng lai") -> Vãng lai | S52: =IFERROR(__xludf.DUMMYFUNCTION("""COMPUTED_VALUE"""),"Làm Mày") -> Làm Mày | T52: =IFERROR(__xludf.DUMMYFUNCTION("""COMPUTED_VALUE"""),0.0) -> 0 | U52: =IFERROR(__xludf.DUMMYFUNCTION("""COMPUTED_VALUE"""),1.0) -> 1 | V52: =IFERROR(__xludf.DUMMYFUNCTION("""COMPUTED_VALUE"""),0.0) -> 0 | W52: =IFERROR(__xludf.DUMMYFUNCTION("""COMPUTED_VALUE"""),1.0) -> 1 | X52: =IFERROR(__xludf.DUMMYFUNCTION("""COMPUTED_VALUE"""),"Nhóm 1: Khách tự nhiên vãng lai (Chỉ có HĐ)") -> Nhóm 1: Khách tự nhiên vãng lai (Chỉ có HĐ)
A53: =IFERROR(__xludf.DUMMYFUNCTION("""COMPUTED_VALUE"""),"0375221320") -> 0375221320 | C53: =IFERROR(__xludf.DUMMYFUNCTION("""COMPUTED_VALUE"""),46029.0) -> 46029 | J53: =IFERROR(__xludf.DUMMYFUNCTION("""COMPUTED_VALUE"""),"HD028093") -> HD028093 | K53: =IFERROR(__xludf.DUMMYFUNCTION("""COMPUTED_VALUE"""),"KH006394") -> KH006394 | L53: =IFERROR(__xludf.DUMMYFUNCTION("""COMPUTED_VALUE"""),"(DV) Công nghệ Xóa Phi Kim - Xóa chân mày (trọn gói)") -> (DV) Công nghệ Xóa Phi Kim - Xóa chân mày (trọn gói) | M53: =IFERROR(__xludf.DUMMYFUNCTION("""COMPUTED_VALUE"""),0.0) -> 0 | P53: =IFERROR(__xludf.DUMMYFUNCTION("""COMPUTED_VALUE"""),FALSE) -> FALSE | Q53: =IFERROR(__xludf.DUMMYFUNCTION("""COMPUTED_VALUE"""),"DỊCH VỤ") -> DỊCH VỤ | R53: =IFERROR(__xludf.DUMMYFUNCTION("""COMPUTED_VALUE"""),"Vãng lai") -> Vãng lai | S53: =IFERROR(__xludf.DUMMYFUNCTION("""COMPUTED_VALUE"""),"Xóa Laser") -> Xóa Laser | T53: =IFERROR(__xludf.DUMMYFUNCTION("""COMPUTED_VALUE"""),0.0) -> 0 | U53: =IFERROR(__xludf.DUMMYFUNCTION("""COMPUTED_VALUE"""),1.0) -> 1 | V53: =IFERROR(__xludf.DUMMYFUNCTION("""COMPUTED_VALUE"""),0.0) -> 0 | W53: =IFERROR(__xludf.DUMMYFUNCTION("""COMPUTED_VALUE"""),1.0) -> 1 | X53: =IFERROR(__xludf.DUMMYFUNCTION("""COMPUTED_VALUE"""),"Nhóm 1: Khách tự nhiên vãng lai (Chỉ có HĐ)") -> Nhóm 1: Khách tự nhiên vãng lai (Chỉ có HĐ)
A54: =IFERROR(__xludf.DUMMYFUNCTION("""COMPUTED_VALUE"""),"0932223390") -> 0932223390 | C54: =IFERROR(__xludf.DUMMYFUNCTION("""COMPUTED_VALUE"""),46029.0) -> 46029 | J54: =IFERROR(__xludf.DUMMYFUNCTION("""COMPUTED_VALUE"""),"HD028096") -> HD028096 | K54: =IFERROR(__xludf.DUMMYFUNCTION("""COMPUTED_VALUE"""),"KH009069") -> KH009069 | L54: =IFERROR(__xludf.DUMMYFUNCTION("""COMPUTED_VALUE"""),"(DV) GÓI TIẾT KIỆM - XÓA CHÂN MÀY TRỌN GÓI") -> (DV) GÓI TIẾT KIỆM - XÓA CHÂN MÀY TRỌN GÓI | M54: =IFERROR(__xludf.DUMMYFUNCTION("""COMPUTED_VALUE"""),0.0) -> 0 | P54: =IFERROR(__xludf.DUMMYFUNCTION("""COMPUTED_VALUE"""),TRUE) -> TRUE | Q54: =IFERROR(__xludf.DUMMYFUNCTION("""COMPUTED_VALUE"""),"DỊCH VỤ") -> DỊCH VỤ | R54: =IFERROR(__xludf.DUMMYFUNCTION("""COMPUTED_VALUE"""),"Vãng lai") -> Vãng lai | S54: =IFERROR(__xludf.DUMMYFUNCTION("""COMPUTED_VALUE"""),"Xóa Laser") -> Xóa Laser | T54: =IFERROR(__xludf.DUMMYFUNCTION("""COMPUTED_VALUE"""),0.0) -> 0 | U54: =IFERROR(__xludf.DUMMYFUNCTION("""COMPUTED_VALUE"""),1.0) -> 1 | V54: =IFERROR(__xludf.DUMMYFUNCTION("""COMPUTED_VALUE"""),0.0) -> 0 | W54: =IFERROR(__xludf.DUMMYFUNCTION("""COMPUTED_VALUE"""),1.0) -> 1 | X54: =IFERROR(__xludf.DUMMYFUNCTION("""COMPUTED_VALUE"""),"Nhóm 1: Khách tự nhiên vãng lai (Chỉ có HĐ)") -> Nhóm 1: Khách tự nhiên vãng lai (Chỉ có HĐ)
A55: =IFERROR(__xludf.DUMMYFUNCTION("""COMPUTED_VALUE"""),"0908891897") -> 0908891897 | C55: =IFERROR(__xludf.DUMMYFUNCTION("""COMPUTED_VALUE"""),46029.0) -> 46029 | J55: =IFERROR(__xludf.DUMMYFUNCTION("""COMPUTED_VALUE"""),"HD028097") -> HD028097 | K55: =IFERROR(__xludf.DUMMYFUNCTION("""COMPUTED_VALUE"""),"KH008253") -> KH008253 | L55: =IFERROR(__xludf.DUMMYFUNCTION("""COMPUTED_VALUE"""),"(DV) GÓI TIẾT KIỆM - XÓA CHÂN MÀY TRỌN GÓI") -> (DV) GÓI TIẾT KIỆM - XÓA CHÂN MÀY TRỌN GÓI | M55: =IFERROR(__xludf.DUMMYFUNCTION("""COMPUTED_VALUE"""),0.0) -> 0 | P55: =IFERROR(__xludf.DUMMYFUNCTION("""COMPUTED_VALUE"""),TRUE) -> TRUE | Q55: =IFERROR(__xludf.DUMMYFUNCTION("""COMPUTED_VALUE"""),"DỊCH VỤ") -> DỊCH VỤ | R55: =IFERROR(__xludf.DUMMYFUNCTION("""COMPUTED_VALUE"""),"Vãng lai") -> Vãng lai | S55: =IFERROR(__xludf.DUMMYFUNCTION("""COMPUTED_VALUE"""),"Xóa Laser") -> Xóa Laser | T55: =IFERROR(__xludf.DUMMYFUNCTION("""COMPUTED_VALUE"""),0.0) -> 0 | U55: =IFERROR(__xludf.DUMMYFUNCTION("""COMPUTED_VALUE"""),1.0) -> 1 | V55: =IFERROR(__xludf.DUMMYFUNCTION("""COMPUTED_VALUE"""),0.0) -> 0 | W55: =IFERROR(__xludf.DUMMYFUNCTION("""COMPUTED_VALUE"""),1.0) -> 1 | X55: =IFERROR(__xludf.DUMMYFUNCTION("""COMPUTED_VALUE"""),"Nhóm 1: Khách tự nhiên vãng lai (Chỉ có HĐ)") -> Nhóm 1: Khách tự nhiên vãng lai (Chỉ có HĐ)
A56: =IFERROR(__xludf.DUMMYFUNCTION("""COMPUTED_VALUE"""),"0937141730") -> 0937141730 | C56: =IFERROR(__xludf.DUMMYFUNCTION("""COMPUTED_VALUE"""),46029.0) -> 46029 | J56: =IFERROR(__xludf.DUMMYFUNCTION("""COMPUTED_VALUE"""),"HD028103") -> HD028103 | K56: =IFERROR(__xludf.DUMMYFUNCTION("""COMPUTED_VALUE"""),"KH006915") -> KH006915 | L56: =IFERROR(__xludf.DUMMYFUNCTION("""COMPUTED_VALUE"""),"(DV) Công nghệ CO2 Fractional - Tách thâm") -> (DV) Công nghệ CO2 Fractional - Tách thâm | M56: =IFERROR(__xludf.DUMMYFUNCTION("""COMPUTED_VALUE"""),1490000.0) -> 1490000 | P56: =IFERROR(__xludf.DUMMYFUNCTION("""COMPUTED_VALUE"""),TRUE) -> TRUE | Q56: =IFERROR(__xludf.DUMMYFUNCTION("""COMPUTED_VALUE"""),"DỊCH VỤ") -> DỊCH VỤ | R56: =IFERROR(__xludf.DUMMYFUNCTION("""COMPUTED_VALUE"""),"Vãng lai") -> Vãng lai | S56: =IFERROR(__xludf.DUMMYFUNCTION("""COMPUTED_VALUE"""),"CO2 / Cắt đáy sẹo") -> CO2 / Cắt đáy sẹo | T56: =IFERROR(__xludf.DUMMYFUNCTION("""COMPUTED_VALUE"""),0.0) -> 0 | U56: =IFERROR(__xludf.DUMMYFUNCTION("""COMPUTED_VALUE"""),1.0) -> 1 | V56: =IFERROR(__xludf.DUMMYFUNCTION("""COMPUTED_VALUE"""),0.0) -> 0 | W56: =IFERROR(__xludf.DUMMYFUNCTION("""COMPUTED_VALUE"""),1.0) -> 1 | X56: =IFERROR(__xludf.DUMMYFUNCTION("""COMPUTED_VALUE"""),"Nhóm 1: Khách tự nhiên vãng lai (Chỉ có HĐ)") -> Nhóm 1: Khách tự nhiên vãng lai (Chỉ có HĐ)
A57: =IFERROR(__xludf.DUMMYFUNCTION("""COMPUTED_VALUE"""),"0762518521") -> 0762518521 | C57: =IFERROR(__xludf.DUMMYFUNCTION("""COMPUTED_VALUE"""),46029.0) -> 46029 | J57: =IFERROR(__xludf.DUMMYFUNCTION("""COMPUTED_VALUE"""),"HD028104") -> HD028104 | K57: =IFERROR(__xludf.DUMMYFUNCTION("""COMPUTED_VALUE"""),"KH008429") -> KH008429 | L57: =IFERROR(__xludf.DUMMYFUNCTION("""COMPUTED_VALUE"""),"(DV) Double bóc tách - GOLD") -> (DV) Double bóc tách - GOLD | M57: =IFERROR(__xludf.DUMMYFUNCTION("""COMPUTED_VALUE"""),1760000.0) -> 1760000 | P57: =IFERROR(__xludf.DUMMYFUNCTION("""COMPUTED_VALUE"""),FALSE) -> FALSE | Q57: =IFERROR(__xludf.DUMMYFUNCTION("""COMPUTED_VALUE"""),"DỊCH VỤ") -> DỊCH VỤ | R57: =IFERROR(__xludf.DUMMYFUNCTION("""COMPUTED_VALUE"""),"Vãng lai") -> Vãng lai | S57: =IFERROR(__xludf.DUMMYFUNCTION("""COMPUTED_VALUE"""),"CO2 / Cắt đáy sẹo") -> CO2 / Cắt đáy sẹo | T57: =IFERROR(__xludf.DUMMYFUNCTION("""COMPUTED_VALUE"""),0.0) -> 0 | U57: =IFERROR(__xludf.DUMMYFUNCTION("""COMPUTED_VALUE"""),1.0) -> 1 | V57: =IFERROR(__xludf.DUMMYFUNCTION("""COMPUTED_VALUE"""),0.0) -> 0 | W57: =IFERROR(__xludf.DUMMYFUNCTION("""COMPUTED_VALUE"""),1.0) -> 1 | X57: =IFERROR(__xludf.DUMMYFUNCTION("""COMPUTED_VALUE"""),"Nhóm 1: Khách tự nhiên vãng lai (Chỉ có HĐ)") -> Nhóm 1: Khách tự nhiên vãng lai (Chỉ có HĐ)
A58: =IFERROR(__xludf.DUMMYFUNCTION("""COMPUTED_VALUE"""),"0383976222") -> 0383976222 | C58: =IFERROR(__xludf.DUMMYFUNCTION("""COMPUTED_VALUE"""),46029.0) -> 46029 | J58: =IFERROR(__xludf.DUMMYFUNCTION("""COMPUTED_VALUE"""),"HD028105") -> HD028105 | K58: =IFERROR(__xludf.DUMMYFUNCTION("""COMPUTED_VALUE"""),"KH009070") -> KH009070 | L58: =IFERROR(__xludf.DUMMYFUNCTION("""COMPUTED_VALUE"""),"(DV) Học Phí Vic Academy") -> (DV) Học Phí Vic Academy | M58: =IFERROR(__xludf.DUMMYFUNCTION("""COMPUTED_VALUE"""),8000000.0) -> 8000000 | P58: =IFERROR(__xludf.DUMMYFUNCTION("""COMPUTED_VALUE"""),FALSE) -> FALSE | Q58: =IFERROR(__xludf.DUMMYFUNCTION("""COMPUTED_VALUE"""),"ĐÀO TẠO") -> ĐÀO TẠO | R58: =IFERROR(__xludf.DUMMYFUNCTION("""COMPUTED_VALUE"""),"Vãng lai") -> Vãng lai | S58: =IFERROR(__xludf.DUMMYFUNCTION("""COMPUTED_VALUE"""),"Khóa học") -> Khóa học | T58: =IFERROR(__xludf.DUMMYFUNCTION("""COMPUTED_VALUE"""),0.0) -> 0 | U58: =IFERROR(__xludf.DUMMYFUNCTION("""COMPUTED_VALUE"""),1.0) -> 1 | V58: =IFERROR(__xludf.DUMMYFUNCTION("""COMPUTED_VALUE"""),0.0) -> 0 | W58: =IFERROR(__xludf.DUMMYFUNCTION("""COMPUTED_VALUE"""),1.0) -> 1 | X58: =IFERROR(__xludf.DUMMYFUNCTION("""COMPUTED_VALUE"""),"Nhóm 1: Khách tự nhiên vãng lai (Chỉ có HĐ)") -> Nhóm 1: Khách tự nhiên vãng lai (Chỉ có HĐ)
A59: =IFERROR(__xludf.DUMMYFUNCTION("""COMPUTED_VALUE"""),"0985855936") -> 0985855936 | C59: =IFERROR(__xludf.DUMMYFUNCTION("""COMPUTED_VALUE"""),46029.0) -> 46029 | J59: =IFERROR(__xludf.DUMMYFUNCTION("""COMPUTED_VALUE"""),"HD028106") -> HD028106 | K59: =IFERROR(__xludf.DUMMYFUNCTION("""COMPUTED_VALUE"""),"KH008363") -> KH008363 | L59: =IFERROR(__xludf.DUMMYFUNCTION("""COMPUTED_VALUE"""),"(DV) GÓI TIẾT KIỆM - XÓA CHÂN MÀY TRỌN GÓI") -> (DV) GÓI TIẾT KIỆM - XÓA CHÂN MÀY TRỌN GÓI | M59: =IFERROR(__xludf.DUMMYFUNCTION("""COMPUTED_VALUE"""),0.0) -> 0 | P59: =IFERROR(__xludf.DUMMYFUNCTION("""COMPUTED_VALUE"""),TRUE) -> TRUE | Q59: =IFERROR(__xludf.DUMMYFUNCTION("""COMPUTED_VALUE"""),"DỊCH VỤ") -> DỊCH VỤ | R59: =IFERROR(__xludf.DUMMYFUNCTION("""COMPUTED_VALUE"""),"Vãng lai") -> Vãng lai | S59: =IFERROR(__xludf.DUMMYFUNCTION("""COMPUTED_VALUE"""),"Xóa Laser") -> Xóa Laser | T59: =IFERROR(__xludf.DUMMYFUNCTION("""COMPUTED_VALUE"""),0.0) -> 0 | U59: =IFERROR(__xludf.DUMMYFUNCTION("""COMPUTED_VALUE"""),1.0) -> 1 | V59: =IFERROR(__xludf.DUMMYFUNCTION("""COMPUTED_VALUE"""),0.0) -> 0 | W59: =IFERROR(__xludf.DUMMYFUNCTION("""COMPUTED_VALUE"""),1.0) -> 1 | X59: =IFERROR(__xludf.DUMMYFUNCTION("""COMPUTED_VALUE"""),"Nhóm 1: Khách tự nhiên vãng lai (Chỉ có HĐ)") -> Nhóm 1: Khách tự nhiên vãng lai (Chỉ có HĐ)
A60: =IFERROR(__xludf.DUMMYFUNCTION("""COMPUTED_VALUE"""),"0909628929") -> 0909628929 | C60: =IFERROR(__xludf.DUMMYFUNCTION("""COMPUTED_VALUE"""),46030.0) -> 46030 | J60: =IFERROR(__xludf.DUMMYFUNCTION("""COMPUTED_VALUE"""),"HD028113") -> HD028113 | K60: =IFERROR(__xludf.DUMMYFUNCTION("""COMPUTED_VALUE"""),"KH007721") -> KH007721 | L60: =IFERROR(__xludf.DUMMYFUNCTION("""COMPUTED_VALUE"""),"(DV) Tạo sợi tả thực (NỮ) - GOLD") -> (DV) Tạo sợi tả thực (NỮ) - GOLD | M60: =IFERROR(__xludf.DUMMYFUNCTION("""COMPUTED_VALUE"""),3190000.0) -> 3190000 | P60: =IFERROR(__xludf.DUMMYFUNCTION("""COMPUTED_VALUE"""),FALSE) -> FALSE | Q60: =IFERROR(__xludf.DUMMYFUNCTION("""COMPUTED_VALUE"""),"DỊCH VỤ") -> DỊCH VỤ | R60: =IFERROR(__xludf.DUMMYFUNCTION("""COMPUTED_VALUE"""),"Vãng lai") -> Vãng lai | S60: =IFERROR(__xludf.DUMMYFUNCTION("""COMPUTED_VALUE"""),"Làm Mày") -> Làm Mày | T60: =IFERROR(__xludf.DUMMYFUNCTION("""COMPUTED_VALUE"""),0.0) -> 0 | U60: =IFERROR(__xludf.DUMMYFUNCTION("""COMPUTED_VALUE"""),1.0) -> 1 | V60: =IFERROR(__xludf.DUMMYFUNCTION("""COMPUTED_VALUE"""),0.0) -> 0 | W60: =IFERROR(__xludf.DUMMYFUNCTION("""COMPUTED_VALUE"""),1.0) -> 1 | X60: =IFERROR(__xludf.DUMMYFUNCTION("""COMPUTED_VALUE"""),"Nhóm 1: Khách tự nhiên vãng lai (Chỉ có HĐ)") -> Nhóm 1: Khách tự nhiên vãng lai (Chỉ có HĐ)
A61: =IFERROR(__xludf.DUMMYFUNCTION("""COMPUTED_VALUE"""),"0906696061") -> 0906696061 | C61: =IFERROR(__xludf.DUMMYFUNCTION("""COMPUTED_VALUE"""),46030.0) -> 46030 | J61: =IFERROR(__xludf.DUMMYFUNCTION("""COMPUTED_VALUE"""),"HD028115") -> HD028115 | K61: =IFERROR(__xludf.DUMMYFUNCTION("""COMPUTED_VALUE"""),"KH008462") -> KH008462 | L61: =IFERROR(__xludf.DUMMYFUNCTION("""COMPUTED_VALUE"""),"(DV) Phun Mí Mở Tròng - PLATINUM") -> (DV) Phun Mí Mở Tròng - PLATINUM | M61: =IFERROR(__xludf.DUMMYFUNCTION("""COMPUTED_VALUE"""),3825000.0) -> 3825000 | P61: =IFERROR(__xludf.DUMMYFUNCTION("""COMPUTED_VALUE"""),FALSE) -> FALSE | Q61: =IFERROR(__xludf.DUMMYFUNCTION("""COMPUTED_VALUE"""),"DỊCH VỤ") -> DỊCH VỤ | R61: =IFERROR(__xludf.DUMMYFUNCTION("""COMPUTED_VALUE"""),"Vãng lai") -> Vãng lai | S61: =IFERROR(__xludf.DUMMYFUNCTION("""COMPUTED_VALUE"""),"Dịch vụ/Sản phẩm khác") -> Dịch vụ/Sản phẩm khác | T61: =IFERROR(__xludf.DUMMYFUNCTION("""COMPUTED_VALUE"""),0.0) -> 0 | U61: =IFERROR(__xludf.DUMMYFUNCTION("""COMPUTED_VALUE"""),1.0) -> 1 | V61: =IFERROR(__xludf.DUMMYFUNCTION("""COMPUTED_VALUE"""),0.0) -> 0 | W61: =IFERROR(__xludf.DUMMYFUNCTION("""COMPUTED_VALUE"""),1.0) -> 1 | X61: =IFERROR(__xludf.DUMMYFUNCTION("""COMPUTED_VALUE"""),"Nhóm 1: Khách tự nhiên vãng lai (Chỉ có HĐ)") -> Nhóm 1: Khách tự nhiên vãng lai (Chỉ có HĐ)
A62: =IFERROR(__xludf.DUMMYFUNCTION("""COMPUTED_VALUE"""),"0902682676") -> 0902682676 | C62: =IFERROR(__xludf.DUMMYFUNCTION("""COMPUTED_VALUE"""),46030.0) -> 46030 | J62: =IFERROR(__xludf.DUMMYFUNCTION("""COMPUTED_VALUE"""),"HD028118") -> HD028118 | K62: =IFERROR(__xludf.DUMMYFUNCTION("""COMPUTED_VALUE"""),"KH000860") -> KH000860 | L62: =IFERROR(__xludf.DUMMYFUNCTION("""COMPUTED_VALUE"""),"(DV) Double bóc tách - GOLD") -> (DV) Double bóc tách - GOLD | M62: =IFERROR(__xludf.DUMMYFUNCTION("""COMPUTED_VALUE"""),1760000.0) -> 1760000 | P62: =IFERROR(__xludf.DUMMYFUNCTION("""COMPUTED_VALUE"""),FALSE) -> FALSE | Q62: =IFERROR(__xludf.DUMMYFUNCTION("""COMPUTED_VALUE"""),"DỊCH VỤ") -> DỊCH VỤ | R62: =IFERROR(__xludf.DUMMYFUNCTION("""COMPUTED_VALUE"""),"Vãng lai") -> Vãng lai | S62: =IFERROR(__xludf.DUMMYFUNCTION("""COMPUTED_VALUE"""),"CO2 / Cắt đáy sẹo") -> CO2 / Cắt đáy sẹo | T62: =IFERROR(__xludf.DUMMYFUNCTION("""COMPUTED_VALUE"""),0.0) -> 0 | U62: =IFERROR(__xludf.DUMMYFUNCTION("""COMPUTED_VALUE"""),1.0) -> 1 | V62: =IFERROR(__xludf.DUMMYFUNCTION("""COMPUTED_VALUE"""),0.0) -> 0 | W62: =IFERROR(__xludf.DUMMYFUNCTION("""COMPUTED_VALUE"""),1.0) -> 1 | X62: =IFERROR(__xludf.DUMMYFUNCTION("""COMPUTED_VALUE"""),"Nhóm 1: Khách tự nhiên vãng lai (Chỉ có HĐ)") -> Nhóm 1: Khách tự nhiên vãng lai (Chỉ có HĐ)
A63: =IFERROR(__xludf.DUMMYFUNCTION("""COMPUTED_VALUE"""),"0913713981") -> 0913713981 | C63: =IFERROR(__xludf.DUMMYFUNCTION("""COMPUTED_VALUE"""),46030.0) -> 46030 | J63: =IFERROR(__xludf.DUMMYFUNCTION("""COMPUTED_VALUE"""),"HD028126") -> HD028126 | K63: =IFERROR(__xludf.DUMMYFUNCTION("""COMPUTED_VALUE"""),"KH008507") -> KH008507 | L63: =IFERROR(__xludf.DUMMYFUNCTION("""COMPUTED_VALUE"""),"(DV) Xử lý nốt ruồi (combo)") -> (DV) Xử lý nốt ruồi (combo) | M63: =IFERROR(__xludf.DUMMYFUNCTION("""COMPUTED_VALUE"""),1000000.0) -> 1000000 | P63: =IFERROR(__xludf.DUMMYFUNCTION("""COMPUTED_VALUE"""),FALSE) -> FALSE | Q63: =IFERROR(__xludf.DUMMYFUNCTION("""COMPUTED_VALUE"""),"DỊCH VỤ") -> DỊCH VỤ | R63: =IFERROR(__xludf.DUMMYFUNCTION("""COMPUTED_VALUE"""),"Vãng lai") -> Vãng lai | S63: =IFERROR(__xludf.DUMMYFUNCTION("""COMPUTED_VALUE"""),"Dịch vụ/Sản phẩm khác") -> Dịch vụ/Sản phẩm khác | T63: =IFERROR(__xludf.DUMMYFUNCTION("""COMPUTED_VALUE"""),0.0) -> 0 | U63: =IFERROR(__xludf.DUMMYFUNCTION("""COMPUTED_VALUE"""),1.0) -> 1 | V63: =IFERROR(__xludf.DUMMYFUNCTION("""COMPUTED_VALUE"""),0.0) -> 0 | W63: =IFERROR(__xludf.DUMMYFUNCTION("""COMPUTED_VALUE"""),1.0) -> 1 | X63: =IFERROR(__xludf.DUMMYFUNCTION("""COMPUTED_VALUE"""),"Nhóm 1: Khách tự nhiên vãng lai (Chỉ có HĐ)") -> Nhóm 1: Khách tự nhiên vãng lai (Chỉ có HĐ)
A64: =IFERROR(__xludf.DUMMYFUNCTION("""COMPUTED_VALUE"""),"0404972655") -> 0404972655 | C64: =IFERROR(__xludf.DUMMYFUNCTION("""COMPUTED_VALUE"""),46031.0) -> 46031 | J64: =IFERROR(__xludf.DUMMYFUNCTION("""COMPUTED_VALUE"""),"HD028137") -> HD028137 | K64: =IFERROR(__xludf.DUMMYFUNCTION("""COMPUTED_VALUE"""),"KH009076") -> KH009076 | L64: =IFERROR(__xludf.DUMMYFUNCTION("""COMPUTED_VALUE"""),"(DV) Phun Mí EYELINER - DIAMOND") -> (DV) Phun Mí EYELINER - DIAMOND | M64: =IFERROR(__xludf.DUMMYFUNCTION("""COMPUTED_VALUE"""),8150000.0) -> 8150000 | P64: =IFERROR(__xludf.DUMMYFUNCTION("""COMPUTED_VALUE"""),FALSE) -> FALSE | Q64: =IFERROR(__xludf.DUMMYFUNCTION("""COMPUTED_VALUE"""),"DỊCH VỤ") -> DỊCH VỤ | R64: =IFERROR(__xludf.DUMMYFUNCTION("""COMPUTED_VALUE"""),"Vãng lai") -> Vãng lai | S64: =IFERROR(__xludf.DUMMYFUNCTION("""COMPUTED_VALUE"""),"Dịch vụ/Sản phẩm khác") -> Dịch vụ/Sản phẩm khác | T64: =IFERROR(__xludf.DUMMYFUNCTION("""COMPUTED_VALUE"""),0.0) -> 0 | U64: =IFERROR(__xludf.DUMMYFUNCTION("""COMPUTED_VALUE"""),1.0) -> 1 | V64: =IFERROR(__xludf.DUMMYFUNCTION("""COMPUTED_VALUE"""),0.0) -> 0 | W64: =IFERROR(__xludf.DUMMYFUNCTION("""COMPUTED_VALUE"""),1.0) -> 1 | X64: =IFERROR(__xludf.DUMMYFUNCTION("""COMPUTED_VALUE"""),"Nhóm 1: Khách tự nhiên vãng lai (Chỉ có HĐ)") -> Nhóm 1: Khách tự nhiên vãng lai (Chỉ có HĐ)
A65: =IFERROR(__xludf.DUMMYFUNCTION("""COMPUTED_VALUE"""),"0908914934") -> 0908914934 | C65: =IFERROR(__xludf.DUMMYFUNCTION("""COMPUTED_VALUE"""),46031.0) -> 46031 | J65: =IFERROR(__xludf.DUMMYFUNCTION("""COMPUTED_VALUE"""),"HD028138") -> HD028138 | K65: =IFERROR(__xludf.DUMMYFUNCTION("""COMPUTED_VALUE"""),"KH009075") -> KH009075 | L65: =IFERROR(__xludf.DUMMYFUNCTION("""COMPUTED_VALUE"""),"(DV) Tạo sợi tả thực (NỮ) - GOLD") -> (DV) Tạo sợi tả thực (NỮ) - GOLD | M65: =IFERROR(__xludf.DUMMYFUNCTION("""COMPUTED_VALUE"""),3000000.0) -> 3000000 | P65: =IFERROR(__xludf.DUMMYFUNCTION("""COMPUTED_VALUE"""),FALSE) -> FALSE | Q65: =IFERROR(__xludf.DUMMYFUNCTION("""COMPUTED_VALUE"""),"DỊCH VỤ") -> DỊCH VỤ | R65: =IFERROR(__xludf.DUMMYFUNCTION("""COMPUTED_VALUE"""),"Vãng lai") -> Vãng lai | S65: =IFERROR(__xludf.DUMMYFUNCTION("""COMPUTED_VALUE"""),"Làm Mày") -> Làm Mày | T65: =IFERROR(__xludf.DUMMYFUNCTION("""COMPUTED_VALUE"""),0.0) -> 0 | U65: =IFERROR(__xludf.DUMMYFUNCTION("""COMPUTED_VALUE"""),1.0) -> 1 | V65: =IFERROR(__xludf.DUMMYFUNCTION("""COMPUTED_VALUE"""),0.0) -> 0 | W65: =IFERROR(__xludf.DUMMYFUNCTION("""COMPUTED_VALUE"""),1.0) -> 1 | X65: =IFERROR(__xludf.DUMMYFUNCTION("""COMPUTED_VALUE"""),"Nhóm 1: Khách tự nhiên vãng lai (Chỉ có HĐ)") -> Nhóm 1: Khách tự nhiên vãng lai (Chỉ có HĐ)
A66: =IFERROR(__xludf.DUMMYFUNCTION("""COMPUTED_VALUE"""),"0983577184") -> 0983577184 | C66: =IFERROR(__xludf.DUMMYFUNCTION("""COMPUTED_VALUE"""),46031.0) -> 46031 | J66: =IFERROR(__xludf.DUMMYFUNCTION("""COMPUTED_VALUE"""),"HD028140") -> HD028140 | K66: =IFERROR(__xludf.DUMMYFUNCTION("""COMPUTED_VALUE"""),"KH007836") -> KH007836 | L66: =IFERROR(__xludf.DUMMYFUNCTION("""COMPUTED_VALUE"""),"(DV) GÓI TIẾT KIỆM - XÓA CHÂN MÀY TRỌN GÓI") -> (DV) GÓI TIẾT KIỆM - XÓA CHÂN MÀY TRỌN GÓI | M66: =IFERROR(__xludf.DUMMYFUNCTION("""COMPUTED_VALUE"""),900000.0) -> 900000 | P66: =IFERROR(__xludf.DUMMYFUNCTION("""COMPUTED_VALUE"""),TRUE) -> TRUE | Q66: =IFERROR(__xludf.DUMMYFUNCTION("""COMPUTED_VALUE"""),"DỊCH VỤ") -> DỊCH VỤ | R66: =IFERROR(__xludf.DUMMYFUNCTION("""COMPUTED_VALUE"""),"Vãng lai") -> Vãng lai | S66: =IFERROR(__xludf.DUMMYFUNCTION("""COMPUTED_VALUE"""),"Xóa Laser") -> Xóa Laser | T66: =IFERROR(__xludf.DUMMYFUNCTION("""COMPUTED_VALUE"""),0.0) -> 0 | U66: =IFERROR(__xludf.DUMMYFUNCTION("""COMPUTED_VALUE"""),1.0) -> 1 | V66: =IFERROR(__xludf.DUMMYFUNCTION("""COMPUTED_VALUE"""),0.0) -> 0 | W66: =IFERROR(__xludf.DUMMYFUNCTION("""COMPUTED_VALUE"""),1.0) -> 1 | X66: =IFERROR(__xludf.DUMMYFUNCTION("""COMPUTED_VALUE"""),"Nhóm 1: Khách tự nhiên vãng lai (Chỉ có HĐ)") -> Nhóm 1: Khách tự nhiên vãng lai (Chỉ có HĐ)
A67: =IFERROR(__xludf.DUMMYFUNCTION("""COMPUTED_VALUE"""),"0932496583") -> 0932496583 | C67: =IFERROR(__xludf.DUMMYFUNCTION("""COMPUTED_VALUE"""),46031.0) -> 46031 | J67: =IFERROR(__xludf.DUMMYFUNCTION("""COMPUTED_VALUE"""),"HD028141") -> HD028141 | K67: =IFERROR(__xludf.DUMMYFUNCTION("""COMPUTED_VALUE"""),"KH000835") -> KH000835 | L67: =IFERROR(__xludf.DUMMYFUNCTION("""COMPUTED_VALUE"""),"(DV) GÓI TIẾT KIỆM - XÓA CHÂN MÀY TRỌN GÓI") -> (DV) GÓI TIẾT KIỆM - XÓA CHÂN MÀY TRỌN GÓI | M67: =IFERROR(__xludf.DUMMYFUNCTION("""COMPUTED_VALUE"""),0.0) -> 0 | P67: =IFERROR(__xludf.DUMMYFUNCTION("""COMPUTED_VALUE"""),TRUE) -> TRUE | Q67: =IFERROR(__xludf.DUMMYFUNCTION("""COMPUTED_VALUE"""),"DỊCH VỤ") -> DỊCH VỤ | R67: =IFERROR(__xludf.DUMMYFUNCTION("""COMPUTED_VALUE"""),"Vãng lai") -> Vãng lai | S67: =IFERROR(__xludf.DUMMYFUNCTION("""COMPUTED_VALUE"""),"Xóa Laser") -> Xóa Laser | T67: =IFERROR(__xludf.DUMMYFUNCTION("""COMPUTED_VALUE"""),0.0) -> 0 | U67: =IFERROR(__xludf.DUMMYFUNCTION("""COMPUTED_VALUE"""),1.0) -> 1 | V67: =IFERROR(__xludf.DUMMYFUNCTION("""COMPUTED_VALUE"""),0.0) -> 0 | W67: =IFERROR(__xludf.DUMMYFUNCTION("""COMPUTED_VALUE"""),1.0) -> 1 | X67: =IFERROR(__xludf.DUMMYFUNCTION("""COMPUTED_VALUE"""),"Nhóm 1: Khách tự nhiên vãng lai (Chỉ có HĐ)") -> Nhóm 1: Khách tự nhiên vãng lai (Chỉ có HĐ)
A68: =IFERROR(__xludf.DUMMYFUNCTION("""COMPUTED_VALUE"""),"0778448889") -> 0778448889 | C68: =IFERROR(__xludf.DUMMYFUNCTION("""COMPUTED_VALUE"""),46031.0) -> 46031 | J68: =IFERROR(__xludf.DUMMYFUNCTION("""COMPUTED_VALUE"""),"HD028142") -> HD028142 | K68: =IFERROR(__xludf.DUMMYFUNCTION("""COMPUTED_VALUE"""),"KH009077") -> KH009077 | L68: =IFERROR(__xludf.DUMMYFUNCTION("""COMPUTED_VALUE"""),"(DV) Công nghệ CO2 Fractional - Tách thâm") -> (DV) Công nghệ CO2 Fractional - Tách thâm | M68: =IFERROR(__xludf.DUMMYFUNCTION("""COMPUTED_VALUE"""),1490000.0) -> 1490000 | P68: =IFERROR(__xludf.DUMMYFUNCTION("""COMPUTED_VALUE"""),TRUE) -> TRUE | Q68: =IFERROR(__xludf.DUMMYFUNCTION("""COMPUTED_VALUE"""),"DỊCH VỤ") -> DỊCH VỤ | R68: =IFERROR(__xludf.DUMMYFUNCTION("""COMPUTED_VALUE"""),"Vãng lai") -> Vãng lai | S68: =IFERROR(__xludf.DUMMYFUNCTION("""COMPUTED_VALUE"""),"CO2 / Cắt đáy sẹo") -> CO2 / Cắt đáy sẹo | T68: =IFERROR(__xludf.DUMMYFUNCTION("""COMPUTED_VALUE"""),0.0) -> 0 | U68: =IFERROR(__xludf.DUMMYFUNCTION("""COMPUTED_VALUE"""),1.0) -> 1 | V68: =IFERROR(__xludf.DUMMYFUNCTION("""COMPUTED_VALUE"""),0.0) -> 0 | W68: =IFERROR(__xludf.DUMMYFUNCTION("""COMPUTED_VALUE"""),1.0) -> 1 | X68: =IFERROR(__xludf.DUMMYFUNCTION("""COMPUTED_VALUE"""),"Nhóm 1: Khách tự nhiên vãng lai (Chỉ có HĐ)") -> Nhóm 1: Khách tự nhiên vãng lai (Chỉ có HĐ)
A69: =IFERROR(__xludf.DUMMYFUNCTION("""COMPUTED_VALUE"""),"0818876776") -> 0818876776 | C69: =IFERROR(__xludf.DUMMYFUNCTION("""COMPUTED_VALUE"""),46031.0) -> 46031 | J69: =IFERROR(__xludf.DUMMYFUNCTION("""COMPUTED_VALUE"""),"HD028146") -> HD028146 | K69: =IFERROR(__xludf.DUMMYFUNCTION("""COMPUTED_VALUE"""),"KH009079") -> KH009079 | L69: =IFERROR(__xludf.DUMMYFUNCTION("""COMPUTED_VALUE"""),"(DV) GÓI TIẾT KIỆM - XÓA CHÂN MÀY TRỌN GÓI") -> (DV) GÓI TIẾT KIỆM - XÓA CHÂN MÀY TRỌN GÓI | M69: =IFERROR(__xludf.DUMMYFUNCTION("""COMPUTED_VALUE"""),900000.0) -> 900000 | P69: =IFERROR(__xludf.DUMMYFUNCTION("""COMPUTED_VALUE"""),TRUE) -> TRUE | Q69: =IFERROR(__xludf.DUMMYFUNCTION("""COMPUTED_VALUE"""),"DỊCH VỤ") -> DỊCH VỤ | R69: =IFERROR(__xludf.DUMMYFUNCTION("""COMPUTED_VALUE"""),"Vãng lai") -> Vãng lai | S69: =IFERROR(__xludf.DUMMYFUNCTION("""COMPUTED_VALUE"""),"Xóa Laser") -> Xóa Laser | T69: =IFERROR(__xludf.DUMMYFUNCTION("""COMPUTED_VALUE"""),0.0) -> 0 | U69: =IFERROR(__xludf.DUMMYFUNCTION("""COMPUTED_VALUE"""),1.0) -> 1 | V69: =IFERROR(__xludf.DUMMYFUNCTION("""COMPUTED_VALUE"""),0.0) -> 0 | W69: =IFERROR(__xludf.DUMMYFUNCTION("""COMPUTED_VALUE"""),1.0) -> 1 | X69: =IFERROR(__xludf.DUMMYFUNCTION("""COMPUTED_VALUE"""),"Nhóm 1: Khách tự nhiên vãng lai (Chỉ có HĐ)") -> Nhóm 1: Khách tự nhiên vãng lai (Chỉ có HĐ)
A70: =IFERROR(__xludf.DUMMYFUNCTION("""COMPUTED_VALUE"""),"0901042781") -> 0901042781 | C70: =IFERROR(__xludf.DUMMYFUNCTION("""COMPUTED_VALUE"""),46031.0) -> 46031 | J70: =IFERROR(__xludf.DUMMYFUNCTION("""COMPUTED_VALUE"""),"HD028147") -> HD028147 | K70: =IFERROR(__xludf.DUMMYFUNCTION("""COMPUTED_VALUE"""),"KH009080") -> KH009080 | L70: =IFERROR(__xludf.DUMMYFUNCTION("""COMPUTED_VALUE"""),"(DV) GÓI TIẾT KIỆM - XÓA CHÂN MÀY TRỌN GÓI") -> (DV) GÓI TIẾT KIỆM - XÓA CHÂN MÀY TRỌN GÓI | M70: =IFERROR(__xludf.DUMMYFUNCTION("""COMPUTED_VALUE"""),900000.0) -> 900000 | P70: =IFERROR(__xludf.DUMMYFUNCTION("""COMPUTED_VALUE"""),TRUE) -> TRUE | Q70: =IFERROR(__xludf.DUMMYFUNCTION("""COMPUTED_VALUE"""),"DỊCH VỤ") -> DỊCH VỤ | R70: =IFERROR(__xludf.DUMMYFUNCTION("""COMPUTED_VALUE"""),"Vãng lai") -> Vãng lai | S70: =IFERROR(__xludf.DUMMYFUNCTION("""COMPUTED_VALUE"""),"Xóa Laser") -> Xóa Laser | T70: =IFERROR(__xludf.DUMMYFUNCTION("""COMPUTED_VALUE"""),0.0) -> 0 | U70: =IFERROR(__xludf.DUMMYFUNCTION("""COMPUTED_VALUE"""),1.0) -> 1 | V70: =IFERROR(__xludf.DUMMYFUNCTION("""COMPUTED_VALUE"""),0.0) -> 0 | W70: =IFERROR(__xludf.DUMMYFUNCTION("""COMPUTED_VALUE"""),1.0) -> 1 | X70: =IFERROR(__xludf.DUMMYFUNCTION("""COMPUTED_VALUE"""),"Nhóm 1: Khách tự nhiên vãng lai (Chỉ có HĐ)") -> Nhóm 1: Khách tự nhiên vãng lai (Chỉ có HĐ)
A71: =IFERROR(__xludf.DUMMYFUNCTION("""COMPUTED_VALUE"""),"0335208434") -> 0335208434 | C71: =IFERROR(__xludf.DUMMYFUNCTION("""COMPUTED_VALUE"""),46032.0) -> 46032 | J71: =IFERROR(__xludf.DUMMYFUNCTION("""COMPUTED_VALUE"""),"HD028150") -> HD028150 | K71: =IFERROR(__xludf.DUMMYFUNCTION("""COMPUTED_VALUE"""),"KH008272") -> KH008272 | L71: =IFERROR(__xludf.DUMMYFUNCTION("""COMPUTED_VALUE"""),"(DV) Gói quay lại dặm miễn phí - 24 tháng (50%)") -> (DV) Gói quay lại dặm miễn phí - 24 tháng (50%) | M71: =IFERROR(__xludf.DUMMYFUNCTION("""COMPUTED_VALUE"""),1695000.0) -> 1695000 | P71: =IFERROR(__xludf.DUMMYFUNCTION("""COMPUTED_VALUE"""),FALSE) -> FALSE | Q71: =IFERROR(__xludf.DUMMYFUNCTION("""COMPUTED_VALUE"""),"DỊCH VỤ") -> DỊCH VỤ | R71: =IFERROR(__xludf.DUMMYFUNCTION("""COMPUTED_VALUE"""),"Vãng lai") -> Vãng lai | S71: =IFERROR(__xludf.DUMMYFUNCTION("""COMPUTED_VALUE"""),"Dịch vụ/Sản phẩm khác") -> Dịch vụ/Sản phẩm khác | T71: =IFERROR(__xludf.DUMMYFUNCTION("""COMPUTED_VALUE"""),0.0) -> 0 | U71: =IFERROR(__xludf.DUMMYFUNCTION("""COMPUTED_VALUE"""),1.0) -> 1 | V71: =IFERROR(__xludf.DUMMYFUNCTION("""COMPUTED_VALUE"""),0.0) -> 0 | W71: =IFERROR(__xludf.DUMMYFUNCTION("""COMPUTED_VALUE"""),1.0) -> 1 | X71: =IFERROR(__xludf.DUMMYFUNCTION("""COMPUTED_VALUE"""),"Nhóm 1: Khách tự nhiên vãng lai (Chỉ có HĐ)") -> Nhóm 1: Khách tự nhiên vãng lai (Chỉ có HĐ)
A72: =IFERROR(__xludf.DUMMYFUNCTION("""COMPUTED_VALUE"""),"066645452546") -> 066645452546 | C72: =IFERROR(__xludf.DUMMYFUNCTION("""COMPUTED_VALUE"""),46032.0) -> 46032 | J72: =IFERROR(__xludf.DUMMYFUNCTION("""COMPUTED_VALUE"""),"HD028151") -> HD028151 | K72: =IFERROR(__xludf.DUMMYFUNCTION("""COMPUTED_VALUE"""),"KH008536") -> KH008536 | L72: =IFERROR(__xludf.DUMMYFUNCTION("""COMPUTED_VALUE"""),"(DV) Học Phí Vic Academy") -> (DV) Học Phí Vic Academy | M72: =IFERROR(__xludf.DUMMYFUNCTION("""COMPUTED_VALUE"""),1.107E7) -> 11070000 | P72: =IFERROR(__xludf.DUMMYFUNCTION("""COMPUTED_VALUE"""),FALSE) -> FALSE | Q72: =IFERROR(__xludf.DUMMYFUNCTION("""COMPUTED_VALUE"""),"ĐÀO TẠO") -> ĐÀO TẠO | R72: =IFERROR(__xludf.DUMMYFUNCTION("""COMPUTED_VALUE"""),"Vãng lai") -> Vãng lai | S72: =IFERROR(__xludf.DUMMYFUNCTION("""COMPUTED_VALUE"""),"Khóa học") -> Khóa học | T72: =IFERROR(__xludf.DUMMYFUNCTION("""COMPUTED_VALUE"""),0.0) -> 0 | U72: =IFERROR(__xludf.DUMMYFUNCTION("""COMPUTED_VALUE"""),1.0) -> 1 | V72: =IFERROR(__xludf.DUMMYFUNCTION("""COMPUTED_VALUE"""),0.0) -> 0 | W72: =IFERROR(__xludf.DUMMYFUNCTION("""COMPUTED_VALUE"""),1.0) -> 1 | X72: =IFERROR(__xludf.DUMMYFUNCTION("""COMPUTED_VALUE"""),"Nhóm 1: Khách tự nhiên vãng lai (Chỉ có HĐ)") -> Nhóm 1: Khách tự nhiên vãng lai (Chỉ có HĐ)
A73: =IFERROR(__xludf.DUMMYFUNCTION("""COMPUTED_VALUE"""),"066876196656") -> 066876196656 | C73: =IFERROR(__xludf.DUMMYFUNCTION("""COMPUTED_VALUE"""),46032.0) -> 46032 | J73: =IFERROR(__xludf.DUMMYFUNCTION("""COMPUTED_VALUE"""),"HD028152") -> HD028152 | K73: =IFERROR(__xludf.DUMMYFUNCTION("""COMPUTED_VALUE"""),"KH008537") -> KH008537 | L73: =IFERROR(__xludf.DUMMYFUNCTION("""COMPUTED_VALUE"""),"(DV) Học Phí Vic Academy") -> (DV) Học Phí Vic Academy | M73: =IFERROR(__xludf.DUMMYFUNCTION("""COMPUTED_VALUE"""),1.107E7) -> 11070000 | P73: =IFERROR(__xludf.DUMMYFUNCTION("""COMPUTED_VALUE"""),FALSE) -> FALSE | Q73: =IFERROR(__xludf.DUMMYFUNCTION("""COMPUTED_VALUE"""),"ĐÀO TẠO") -> ĐÀO TẠO | R73: =IFERROR(__xludf.DUMMYFUNCTION("""COMPUTED_VALUE"""),"Vãng lai") -> Vãng lai | S73: =IFERROR(__xludf.DUMMYFUNCTION("""COMPUTED_VALUE"""),"Khóa học") -> Khóa học | T73: =IFERROR(__xludf.DUMMYFUNCTION("""COMPUTED_VALUE"""),0.0) -> 0 | U73: =IFERROR(__xludf.DUMMYFUNCTION("""COMPUTED_VALUE"""),1.0) -> 1 | V73: =IFERROR(__xludf.DUMMYFUNCTION("""COMPUTED_VALUE"""),0.0) -> 0 | W73: =IFERROR(__xludf.DUMMYFUNCTION("""COMPUTED_VALUE"""),1.0) -> 1 | X73: =IFERROR(__xludf.DUMMYFUNCTION("""COMPUTED_VALUE"""),"Nhóm 1: Khách tự nhiên vãng lai (Chỉ có HĐ)") -> Nhóm 1: Khách tự nhiên vãng lai (Chỉ có HĐ)
A74: =IFERROR(__xludf.DUMMYFUNCTION("""COMPUTED_VALUE"""),"066875568855") -> 066875568855 | C74: =IFERROR(__xludf.DUMMYFUNCTION("""COMPUTED_VALUE"""),46032.0) -> 46032 | J74: =IFERROR(__xludf.DUMMYFUNCTION("""COMPUTED_VALUE"""),"HD028153") -> HD028153 | K74: =IFERROR(__xludf.DUMMYFUNCTION("""COMPUTED_VALUE"""),"KH008538") -> KH008538 | L74: =IFERROR(__xludf.DUMMYFUNCTION("""COMPUTED_VALUE"""),"(DV) Học Phí Vic Academy") -> (DV) Học Phí Vic Academy | M74: =IFERROR(__xludf.DUMMYFUNCTION("""COMPUTED_VALUE"""),1.107E7) -> 11070000 | P74: =IFERROR(__xludf.DUMMYFUNCTION("""COMPUTED_VALUE"""),FALSE) -> FALSE | Q74: =IFERROR(__xludf.DUMMYFUNCTION("""COMPUTED_VALUE"""),"ĐÀO TẠO") -> ĐÀO TẠO | R74: =IFERROR(__xludf.DUMMYFUNCTION("""COMPUTED_VALUE"""),"Vãng lai") -> Vãng lai | S74: =IFERROR(__xludf.DUMMYFUNCTION("""COMPUTED_VALUE"""),"Khóa học") -> Khóa học | T74: =IFERROR(__xludf.DUMMYFUNCTION("""COMPUTED_VALUE"""),0.0) -> 0 | U74: =IFERROR(__xludf.DUMMYFUNCTION("""COMPUTED_VALUE"""),1.0) -> 1 | V74: =IFERROR(__xludf.DUMMYFUNCTION("""COMPUTED_VALUE"""),0.0) -> 0 | W74: =IFERROR(__xludf.DUMMYFUNCTION("""COMPUTED_VALUE"""),1.0) -> 1 | X74: =IFERROR(__xludf.DUMMYFUNCTION("""COMPUTED_VALUE"""),"Nhóm 1: Khách tự nhiên vãng lai (Chỉ có HĐ)") -> Nhóm 1: Khách tự nhiên vãng lai (Chỉ có HĐ)
A75: =IFERROR(__xludf.DUMMYFUNCTION("""COMPUTED_VALUE"""),"0909248150") -> 0909248150 | C75: =IFERROR(__xludf.DUMMYFUNCTION("""COMPUTED_VALUE"""),46032.0) -> 46032 | J75: =IFERROR(__xludf.DUMMYFUNCTION("""COMPUTED_VALUE"""),"HD028154") -> HD028154 | K75: =IFERROR(__xludf.DUMMYFUNCTION("""COMPUTED_VALUE"""),"KH009081") -> KH009081 | L75: =IFERROR(__xludf.DUMMYFUNCTION("""COMPUTED_VALUE"""),"(DV) Học Phí Vic Academy") -> (DV) Học Phí Vic Academy | M75: =IFERROR(__xludf.DUMMYFUNCTION("""COMPUTED_VALUE"""),1.23E7) -> 12300000 | P75: =IFERROR(__xludf.DUMMYFUNCTION("""COMPUTED_VALUE"""),FALSE) -> FALSE | Q75: =IFERROR(__xludf.DUMMYFUNCTION("""COMPUTED_VALUE"""),"ĐÀO TẠO") -> ĐÀO TẠO | R75: =IFERROR(__xludf.DUMMYFUNCTION("""COMPUTED_VALUE"""),"Vãng lai") -> Vãng lai | S75: =IFERROR(__xludf.DUMMYFUNCTION("""COMPUTED_VALUE"""),"Khóa học") -> Khóa học | T75: =IFERROR(__xludf.DUMMYFUNCTION("""COMPUTED_VALUE"""),0.0) -> 0 | U75: =IFERROR(__xludf.DUMMYFUNCTION("""COMPUTED_VALUE"""),1.0) -> 1 | V75: =IFERROR(__xludf.DUMMYFUNCTION("""COMPUTED_VALUE"""),0.0) -> 0 | W75: =IFERROR(__xludf.DUMMYFUNCTION("""COMPUTED_VALUE"""),1.0) -> 1 | X75: =IFERROR(__xludf.DUMMYFUNCTION("""COMPUTED_VALUE"""),"Nhóm 1: Khách tự nhiên vãng lai (Chỉ có HĐ)") -> Nhóm 1: Khách tự nhiên vãng lai (Chỉ có HĐ)
A76: =IFERROR(__xludf.DUMMYFUNCTION("""COMPUTED_VALUE"""),"0947333608") -> 0947333608 | C76: =IFERROR(__xludf.DUMMYFUNCTION("""COMPUTED_VALUE"""),46032.0) -> 46032 | J76: =IFERROR(__xludf.DUMMYFUNCTION("""COMPUTED_VALUE"""),"HD028155") -> HD028155 | K76: =IFERROR(__xludf.DUMMYFUNCTION("""COMPUTED_VALUE"""),"KH008826") -> KH008826 | L76: =IFERROR(__xludf.DUMMYFUNCTION("""COMPUTED_VALUE"""),"(DV) Học Phí Vic Academy") -> (DV) Học Phí Vic Academy | M76: =IFERROR(__xludf.DUMMYFUNCTION("""COMPUTED_VALUE"""),1.23E7) -> 12300000 | P76: =IFERROR(__xludf.DUMMYFUNCTION("""COMPUTED_VALUE"""),FALSE) -> FALSE | Q76: =IFERROR(__xludf.DUMMYFUNCTION("""COMPUTED_VALUE"""),"ĐÀO TẠO") -> ĐÀO TẠO | R76: =IFERROR(__xludf.DUMMYFUNCTION("""COMPUTED_VALUE"""),"Vãng lai") -> Vãng lai | S76: =IFERROR(__xludf.DUMMYFUNCTION("""COMPUTED_VALUE"""),"Khóa học") -> Khóa học | T76: =IFERROR(__xludf.DUMMYFUNCTION("""COMPUTED_VALUE"""),0.0) -> 0 | U76: =IFERROR(__xludf.DUMMYFUNCTION("""COMPUTED_VALUE"""),1.0) -> 1 | V76: =IFERROR(__xludf.DUMMYFUNCTION("""COMPUTED_VALUE"""),0.0) -> 0 | W76: =IFERROR(__xludf.DUMMYFUNCTION("""COMPUTED_VALUE"""),1.0) -> 1 | X76: =IFERROR(__xludf.DUMMYFUNCTION("""COMPUTED_VALUE"""),"Nhóm 1: Khách tự nhiên vãng lai (Chỉ có HĐ)") -> Nhóm 1: Khách tự nhiên vãng lai (Chỉ có HĐ)
A77: =IFERROR(__xludf.DUMMYFUNCTION("""COMPUTED_VALUE"""),"0398172910") -> 0398172910 | C77: =IFERROR(__xludf.DUMMYFUNCTION("""COMPUTED_VALUE"""),46032.0) -> 46032 | J77: =IFERROR(__xludf.DUMMYFUNCTION("""COMPUTED_VALUE"""),"HD028156") -> HD028156 | K77: =IFERROR(__xludf.DUMMYFUNCTION("""COMPUTED_VALUE"""),"KH009082") -> KH009082 | L77: =IFERROR(__xludf.DUMMYFUNCTION("""COMPUTED_VALUE"""),"(DV) Khử thâm + Phun môi - GOLD") -> (DV) Khử thâm + Phun môi - GOLD | M77: =IFERROR(__xludf.DUMMYFUNCTION("""COMPUTED_VALUE"""),2850000.0) -> 2850000 | P77: =IFERROR(__xludf.DUMMYFUNCTION("""COMPUTED_VALUE"""),FALSE) -> FALSE | Q77: =IFERROR(__xludf.DUMMYFUNCTION("""COMPUTED_VALUE"""),"DỊCH VỤ") -> DỊCH VỤ | R77: =IFERROR(__xludf.DUMMYFUNCTION("""COMPUTED_VALUE"""),"Vãng lai") -> Vãng lai | S77: =IFERROR(__xludf.DUMMYFUNCTION("""COMPUTED_VALUE"""),"Làm Môi") -> Làm Môi | T77: =IFERROR(__xludf.DUMMYFUNCTION("""COMPUTED_VALUE"""),0.0) -> 0 | U77: =IFERROR(__xludf.DUMMYFUNCTION("""COMPUTED_VALUE"""),1.0) -> 1 | V77: =IFERROR(__xludf.DUMMYFUNCTION("""COMPUTED_VALUE"""),0.0) -> 0 | W77: =IFERROR(__xludf.DUMMYFUNCTION("""COMPUTED_VALUE"""),1.0) -> 1 | X77: =IFERROR(__xludf.DUMMYFUNCTION("""COMPUTED_VALUE"""),"Nhóm 1: Khách tự nhiên vãng lai (Chỉ có HĐ)") -> Nhóm 1: Khách tự nhiên vãng lai (Chỉ có HĐ)
A78: =IFERROR(__xludf.DUMMYFUNCTION("""COMPUTED_VALUE"""),"0966161869") -> 0966161869 | C78: =IFERROR(__xludf.DUMMYFUNCTION("""COMPUTED_VALUE"""),46032.0) -> 46032 | J78: =IFERROR(__xludf.DUMMYFUNCTION("""COMPUTED_VALUE"""),"HD028158") -> HD028158 | K78: =IFERROR(__xludf.DUMMYFUNCTION("""COMPUTED_VALUE"""),"KH009084") -> KH009084 | L78: =IFERROR(__xludf.DUMMYFUNCTION("""COMPUTED_VALUE"""),"(DV) Học Phí Vic Academy") -> (DV) Học Phí Vic Academy | M78: =IFERROR(__xludf.DUMMYFUNCTION("""COMPUTED_VALUE"""),1.23E7) -> 12300000 | P78: =IFERROR(__xludf.DUMMYFUNCTION("""COMPUTED_VALUE"""),FALSE) -> FALSE | Q78: =IFERROR(__xludf.DUMMYFUNCTION("""COMPUTED_VALUE"""),"ĐÀO TẠO") -> ĐÀO TẠO | R78: =IFERROR(__xludf.DUMMYFUNCTION("""COMPUTED_VALUE"""),"Vãng lai") -> Vãng lai | S78: =IFERROR(__xludf.DUMMYFUNCTION("""COMPUTED_VALUE"""),"Khóa học") -> Khóa học | T78: =IFERROR(__xludf.DUMMYFUNCTION("""COMPUTED_VALUE"""),0.0) -> 0 | U78: =IFERROR(__xludf.DUMMYFUNCTION("""COMPUTED_VALUE"""),1.0) -> 1 | V78: =IFERROR(__xludf.DUMMYFUNCTION("""COMPUTED_VALUE"""),0.0) -> 0 | W78: =IFERROR(__xludf.DUMMYFUNCTION("""COMPUTED_VALUE"""),1.0) -> 1 | X78: =IFERROR(__xludf.DUMMYFUNCTION("""COMPUTED_VALUE"""),"Nhóm 1: Khách tự nhiên vãng lai (Chỉ có HĐ)") -> Nhóm 1: Khách tự nhiên vãng lai (Chỉ có HĐ)
A79: =IFERROR(__xludf.DUMMYFUNCTION("""COMPUTED_VALUE"""),"0394951785") -> 0394951785 | C79: =IFERROR(__xludf.DUMMYFUNCTION("""COMPUTED_VALUE"""),46032.0) -> 46032 | J79: =IFERROR(__xludf.DUMMYFUNCTION("""COMPUTED_VALUE"""),"HD028159") -> HD028159 | K79: =IFERROR(__xludf.DUMMYFUNCTION("""COMPUTED_VALUE"""),"KH008374") -> KH008374 | L79: =IFERROR(__xludf.DUMMYFUNCTION("""COMPUTED_VALUE"""),"(DV) Học Phí Vic Academy") -> (DV) Học Phí Vic Academy | M79: =IFERROR(__xludf.DUMMYFUNCTION("""COMPUTED_VALUE"""),1.2E7) -> 12000000 | P79: =IFERROR(__xludf.DUMMYFUNCTION("""COMPUTED_VALUE"""),FALSE) -> FALSE | Q79: =IFERROR(__xludf.DUMMYFUNCTION("""COMPUTED_VALUE"""),"ĐÀO TẠO") -> ĐÀO TẠO | R79: =IFERROR(__xludf.DUMMYFUNCTION("""COMPUTED_VALUE"""),"Vãng lai") -> Vãng lai | S79: =IFERROR(__xludf.DUMMYFUNCTION("""COMPUTED_VALUE"""),"Khóa học") -> Khóa học | T79: =IFERROR(__xludf.DUMMYFUNCTION("""COMPUTED_VALUE"""),0.0) -> 0 | U79: =IFERROR(__xludf.DUMMYFUNCTION("""COMPUTED_VALUE"""),1.0) -> 1 | V79: =IFERROR(__xludf.DUMMYFUNCTION("""COMPUTED_VALUE"""),0.0) -> 0 | W79: =IFERROR(__xludf.DUMMYFUNCTION("""COMPUTED_VALUE"""),1.0) -> 1 | X79: =IFERROR(__xludf.DUMMYFUNCTION("""COMPUTED_VALUE"""),"Nhóm 1: Khách tự nhiên vãng lai (Chỉ có HĐ)") -> Nhóm 1: Khách tự nhiên vãng lai (Chỉ có HĐ)
A80: =IFERROR(__xludf.DUMMYFUNCTION("""COMPUTED_VALUE"""),"0877109193") -> 0877109193 | C80: =IFERROR(__xludf.DUMMYFUNCTION("""COMPUTED_VALUE"""),46032.0) -> 46032 | J80: =IFERROR(__xludf.DUMMYFUNCTION("""COMPUTED_VALUE"""),"HD028161") -> HD028161 | K80: =IFERROR(__xludf.DUMMYFUNCTION("""COMPUTED_VALUE"""),"KH009086") -> KH009086 | L80: =IFERROR(__xludf.DUMMYFUNCTION("""COMPUTED_VALUE"""),"(DV) Học Phí Vic Academy") -> (DV) Học Phí Vic Academy | M80: =IFERROR(__xludf.DUMMYFUNCTION("""COMPUTED_VALUE"""),1.23E7) -> 12300000 | P80: =IFERROR(__xludf.DUMMYFUNCTION("""COMPUTED_VALUE"""),FALSE) -> FALSE | Q80: =IFERROR(__xludf.DUMMYFUNCTION("""COMPUTED_VALUE"""),"ĐÀO TẠO") -> ĐÀO TẠO | R80: =IFERROR(__xludf.DUMMYFUNCTION("""COMPUTED_VALUE"""),"Vãng lai") -> Vãng lai | S80: =IFERROR(__xludf.DUMMYFUNCTION("""COMPUTED_VALUE"""),"Khóa học") -> Khóa học | T80: =IFERROR(__xludf.DUMMYFUNCTION("""COMPUTED_VALUE"""),0.0) -> 0 | U80: =IFERROR(__xludf.DUMMYFUNCTION("""COMPUTED_VALUE"""),1.0) -> 1 | V80: =IFERROR(__xludf.DUMMYFUNCTION("""COMPUTED_VALUE"""),0.0) -> 0 | W80: =IFERROR(__xludf.DUMMYFUNCTION("""COMPUTED_VALUE"""),1.0) -> 1 | X80: =IFERROR(__xludf.DUMMYFUNCTION("""COMPUTED_VALUE"""),"Nhóm 1: Khách tự nhiên vãng lai (Chỉ có HĐ)") -> Nhóm 1: Khách tự nhiên vãng lai (Chỉ có HĐ)
A81: =IFERROR(__xludf.DUMMYFUNCTION("""COMPUTED_VALUE"""),"0708811188") -> 0708811188 | C81: =IFERROR(__xludf.DUMMYFUNCTION("""COMPUTED_VALUE"""),46032.0) -> 46032 | J81: =IFERROR(__xludf.DUMMYFUNCTION("""COMPUTED_VALUE"""),"HD028162") -> HD028162 | K81: =IFERROR(__xludf.DUMMYFUNCTION("""COMPUTED_VALUE"""),"KH008160") -> KH008160 | L81: =IFERROR(__xludf.DUMMYFUNCTION("""COMPUTED_VALUE"""),"(DV) PLASMA - XÓA CHÂN MÀY XANH LÁ") -> (DV) PLASMA - XÓA CHÂN MÀY XANH LÁ | M81: =IFERROR(__xludf.DUMMYFUNCTION("""COMPUTED_VALUE"""),1300000.0) -> 1300000 | P81: =IFERROR(__xludf.DUMMYFUNCTION("""COMPUTED_VALUE"""),FALSE) -> FALSE | Q81: =IFERROR(__xludf.DUMMYFUNCTION("""COMPUTED_VALUE"""),"DỊCH VỤ") -> DỊCH VỤ | R81: =IFERROR(__xludf.DUMMYFUNCTION("""COMPUTED_VALUE"""),"Vãng lai") -> Vãng lai | S81: =IFERROR(__xludf.DUMMYFUNCTION("""COMPUTED_VALUE"""),"Dịch vụ/Sản phẩm khác") -> Dịch vụ/Sản phẩm khác | T81: =IFERROR(__xludf.DUMMYFUNCTION("""COMPUTED_VALUE"""),0.0) -> 0 | U81: =IFERROR(__xludf.DUMMYFUNCTION("""COMPUTED_VALUE"""),1.0) -> 1 | V81: =IFERROR(__xludf.DUMMYFUNCTION("""COMPUTED_VALUE"""),0.0) -> 0 | W81: =IFERROR(__xludf.DUMMYFUNCTION("""COMPUTED_VALUE"""),1.0) -> 1 | X81: =IFERROR(__xludf.DUMMYFUNCTION("""COMPUTED_VALUE"""),"Nhóm 1: Khách tự nhiên vãng lai (Chỉ có HĐ)") -> Nhóm 1: Khách tự nhiên vãng lai (Chỉ có HĐ)
A82: =IFERROR(__xludf.DUMMYFUNCTION("""COMPUTED_VALUE"""),"0938350117") -> 0938350117 | C82: =IFERROR(__xludf.DUMMYFUNCTION("""COMPUTED_VALUE"""),46032.0) -> 46032 | J82: =IFERROR(__xludf.DUMMYFUNCTION("""COMPUTED_VALUE"""),"HD028163") -> HD028163 | K82: =IFERROR(__xludf.DUMMYFUNCTION("""COMPUTED_VALUE"""),"KH001720") -> KH001720 | L82: =IFERROR(__xludf.DUMMYFUNCTION("""COMPUTED_VALUE"""),"(DV) GÓI TIẾT KIỆM - XÓA CHÂN MÀY TRỌN GÓI") -> (DV) GÓI TIẾT KIỆM - XÓA CHÂN MÀY TRỌN GÓI | M82: =IFERROR(__xludf.DUMMYFUNCTION("""COMPUTED_VALUE"""),900000.0) -> 900000 | P82: =IFERROR(__xludf.DUMMYFUNCTION("""COMPUTED_VALUE"""),TRUE) -> TRUE | Q82: =IFERROR(__xludf.DUMMYFUNCTION("""COMPUTED_VALUE"""),"DỊCH VỤ") -> DỊCH VỤ | R82: =IFERROR(__xludf.DUMMYFUNCTION("""COMPUTED_VALUE"""),"Vãng lai") -> Vãng lai | S82: =IFERROR(__xludf.DUMMYFUNCTION("""COMPUTED_VALUE"""),"Xóa Laser") -> Xóa Laser | T82: =IFERROR(__xludf.DUMMYFUNCTION("""COMPUTED_VALUE"""),0.0) -> 0 | U82: =IFERROR(__xludf.DUMMYFUNCTION("""COMPUTED_VALUE"""),1.0) -> 1 | V82: =IFERROR(__xludf.DUMMYFUNCTION("""COMPUTED_VALUE"""),0.0) -> 0 | W82: =IFERROR(__xludf.DUMMYFUNCTION("""COMPUTED_VALUE"""),1.0) -> 1 | X82: =IFERROR(__xludf.DUMMYFUNCTION("""COMPUTED_VALUE"""),"Nhóm 1: Khách tự nhiên vãng lai (Chỉ có HĐ)") -> Nhóm 1: Khách tự nhiên vãng lai (Chỉ có HĐ)
A83: =IFERROR(__xludf.DUMMYFUNCTION("""COMPUTED_VALUE"""),"0334165886") -> 0334165886 | C83: =IFERROR(__xludf.DUMMYFUNCTION("""COMPUTED_VALUE"""),46032.0) -> 46032 | J83: =IFERROR(__xludf.DUMMYFUNCTION("""COMPUTED_VALUE"""),"HD028164") -> HD028164 | K83: =IFERROR(__xludf.DUMMYFUNCTION("""COMPUTED_VALUE"""),"KH008793") -> KH008793 | L83: =IFERROR(__xludf.DUMMYFUNCTION("""COMPUTED_VALUE"""),"(DV) Học Phí Vic Academy") -> (DV) Học Phí Vic Academy | M83: =IFERROR(__xludf.DUMMYFUNCTION("""COMPUTED_VALUE"""),1.23E7) -> 12300000 | P83: =IFERROR(__xludf.DUMMYFUNCTION("""COMPUTED_VALUE"""),FALSE) -> FALSE | Q83: =IFERROR(__xludf.DUMMYFUNCTION("""COMPUTED_VALUE"""),"ĐÀO TẠO") -> ĐÀO TẠO | R83: =IFERROR(__xludf.DUMMYFUNCTION("""COMPUTED_VALUE"""),"Vãng lai") -> Vãng lai | S83: =IFERROR(__xludf.DUMMYFUNCTION("""COMPUTED_VALUE"""),"Khóa học") -> Khóa học | T83: =IFERROR(__xludf.DUMMYFUNCTION("""COMPUTED_VALUE"""),0.0) -> 0 | U83: =IFERROR(__xludf.DUMMYFUNCTION("""COMPUTED_VALUE"""),1.0) -> 1 | V83: =IFERROR(__xludf.DUMMYFUNCTION("""COMPUTED_VALUE"""),0.0) -> 0 | W83: =IFERROR(__xludf.DUMMYFUNCTION("""COMPUTED_VALUE"""),1.0) -> 1 | X83: =IFERROR(__xludf.DUMMYFUNCTION("""COMPUTED_VALUE"""),"Nhóm 1: Khách tự nhiên vãng lai (Chỉ có HĐ)") -> Nhóm 1: Khách tự nhiên vãng lai (Chỉ có HĐ)
A84: =IFERROR(__xludf.DUMMYFUNCTION("""COMPUTED_VALUE"""),"0907272653") -> 0907272653 | C84: =IFERROR(__xludf.DUMMYFUNCTION("""COMPUTED_VALUE"""),46032.0) -> 46032 | J84: =IFERROR(__xludf.DUMMYFUNCTION("""COMPUTED_VALUE"""),"HD028165") -> HD028165 | K84: =IFERROR(__xludf.DUMMYFUNCTION("""COMPUTED_VALUE"""),"KH008962") -> KH008962 | L84: =IFERROR(__xludf.DUMMYFUNCTION("""COMPUTED_VALUE"""),"(DV) Học Phí Vic Academy") -> (DV) Học Phí Vic Academy | M84: =IFERROR(__xludf.DUMMYFUNCTION("""COMPUTED_VALUE"""),1.23E7) -> 12300000 | P84: =IFERROR(__xludf.DUMMYFUNCTION("""COMPUTED_VALUE"""),FALSE) -> FALSE | Q84: =IFERROR(__xludf.DUMMYFUNCTION("""COMPUTED_VALUE"""),"ĐÀO TẠO") -> ĐÀO TẠO | R84: =IFERROR(__xludf.DUMMYFUNCTION("""COMPUTED_VALUE"""),"Vãng lai") -> Vãng lai | S84: =IFERROR(__xludf.DUMMYFUNCTION("""COMPUTED_VALUE"""),"Khóa học") -> Khóa học | T84: =IFERROR(__xludf.DUMMYFUNCTION("""COMPUTED_VALUE"""),0.0) -> 0 | U84: =IFERROR(__xludf.DUMMYFUNCTION("""COMPUTED_VALUE"""),1.0) -> 1 | V84: =IFERROR(__xludf.DUMMYFUNCTION("""COMPUTED_VALUE"""),0.0) -> 0 | W84: =IFERROR(__xludf.DUMMYFUNCTION("""COMPUTED_VALUE"""),1.0) -> 1 | X84: =IFERROR(__xludf.DUMMYFUNCTION("""COMPUTED_VALUE"""),"Nhóm 1: Khách tự nhiên vãng lai (Chỉ có HĐ)") -> Nhóm 1: Khách tự nhiên vãng lai (Chỉ có HĐ)
A85: =IFERROR(__xludf.DUMMYFUNCTION("""COMPUTED_VALUE"""),"0932640902") -> 0932640902 | C85: =IFERROR(__xludf.DUMMYFUNCTION("""COMPUTED_VALUE"""),46032.0) -> 46032 | J85: =IFERROR(__xludf.DUMMYFUNCTION("""COMPUTED_VALUE"""),"HD028166") -> HD028166 | K85: =IFERROR(__xludf.DUMMYFUNCTION("""COMPUTED_VALUE"""),"KH008967") -> KH008967 | L85: =IFERROR(__xludf.DUMMYFUNCTION("""COMPUTED_VALUE"""),"(DV) Học Phí Vic Academy") -> (DV) Học Phí Vic Academy | M85: =IFERROR(__xludf.DUMMYFUNCTION("""COMPUTED_VALUE"""),1.23E7) -> 12300000 | P85: =IFERROR(__xludf.DUMMYFUNCTION("""COMPUTED_VALUE"""),FALSE) -> FALSE | Q85: =IFERROR(__xludf.DUMMYFUNCTION("""COMPUTED_VALUE"""),"ĐÀO TẠO") -> ĐÀO TẠO | R85: =IFERROR(__xludf.DUMMYFUNCTION("""COMPUTED_VALUE"""),"Vãng lai") -> Vãng lai | S85: =IFERROR(__xludf.DUMMYFUNCTION("""COMPUTED_VALUE"""),"Khóa học") -> Khóa học | T85: =IFERROR(__xludf.DUMMYFUNCTION("""COMPUTED_VALUE"""),0.0) -> 0 | U85: =IFERROR(__xludf.DUMMYFUNCTION("""COMPUTED_VALUE"""),1.0) -> 1 | V85: =IFERROR(__xludf.DUMMYFUNCTION("""COMPUTED_VALUE"""),0.0) -> 0 | W85: =IFERROR(__xludf.DUMMYFUNCTION("""COMPUTED_VALUE"""),1.0) -> 1 | X85: =IFERROR(__xludf.DUMMYFUNCTION("""COMPUTED_VALUE"""),"Nhóm 1: Khách tự nhiên vãng lai (Chỉ có HĐ)") -> Nhóm 1: Khách tự nhiên vãng lai (Chỉ có HĐ)
A86: =IFERROR(__xludf.DUMMYFUNCTION("""COMPUTED_VALUE"""),"0938350117") -> 0938350117 | C86: =IFERROR(__xludf.DUMMYFUNCTION("""COMPUTED_VALUE"""),46032.0) -> 46032 | J86: =IFERROR(__xludf.DUMMYFUNCTION("""COMPUTED_VALUE"""),"HD028167") -> HD028167 | K86: =IFERROR(__xludf.DUMMYFUNCTION("""COMPUTED_VALUE"""),"KH001720") -> KH001720 | L86: =IFERROR(__xludf.DUMMYFUNCTION("""COMPUTED_VALUE"""),"(DV) Công nghệ CO2 Fractional - Tách thâm") -> (DV) Công nghệ CO2 Fractional - Tách thâm | M86: =IFERROR(__xludf.DUMMYFUNCTION("""COMPUTED_VALUE"""),1490000.0) -> 1490000 | P86: =IFERROR(__xludf.DUMMYFUNCTION("""COMPUTED_VALUE"""),TRUE) -> TRUE | Q86: =IFERROR(__xludf.DUMMYFUNCTION("""COMPUTED_VALUE"""),"DỊCH VỤ") -> DỊCH VỤ | R86: =IFERROR(__xludf.DUMMYFUNCTION("""COMPUTED_VALUE"""),"Vãng lai") -> Vãng lai | S86: =IFERROR(__xludf.DUMMYFUNCTION("""COMPUTED_VALUE"""),"CO2 / Cắt đáy sẹo") -> CO2 / Cắt đáy sẹo | T86: =IFERROR(__xludf.DUMMYFUNCTION("""COMPUTED_VALUE"""),0.0) -> 0 | U86: =IFERROR(__xludf.DUMMYFUNCTION("""COMPUTED_VALUE"""),1.0) -> 1 | V86: =IFERROR(__xludf.DUMMYFUNCTION("""COMPUTED_VALUE"""),0.0) -> 0 | W86: =IFERROR(__xludf.DUMMYFUNCTION("""COMPUTED_VALUE"""),1.0) -> 1 | X86: =IFERROR(__xludf.DUMMYFUNCTION("""COMPUTED_VALUE"""),"Nhóm 1: Khách tự nhiên vãng lai (Chỉ có HĐ)") -> Nhóm 1: Khách tự nhiên vãng lai (Chỉ có HĐ)
A87: =IFERROR(__xludf.DUMMYFUNCTION("""COMPUTED_VALUE"""),"0702554141") -> 0702554141 | C87: =IFERROR(__xludf.DUMMYFUNCTION("""COMPUTED_VALUE"""),46032.0) -> 46032 | J87: =IFERROR(__xludf.DUMMYFUNCTION("""COMPUTED_VALUE"""),"HD028168") -> HD028168 | K87: =IFERROR(__xludf.DUMMYFUNCTION("""COMPUTED_VALUE"""),"KH009087") -> KH009087 | L87: =IFERROR(__xludf.DUMMYFUNCTION("""COMPUTED_VALUE"""),"(DV) Học Phí Vic Academy") -> (DV) Học Phí Vic Academy | M87: =IFERROR(__xludf.DUMMYFUNCTION("""COMPUTED_VALUE"""),1.23E7) -> 12300000 | P87: =IFERROR(__xludf.DUMMYFUNCTION("""COMPUTED_VALUE"""),FALSE) -> FALSE | Q87: =IFERROR(__xludf.DUMMYFUNCTION("""COMPUTED_VALUE"""),"ĐÀO TẠO") -> ĐÀO TẠO | R87: =IFERROR(__xludf.DUMMYFUNCTION("""COMPUTED_VALUE"""),"Vãng lai") -> Vãng lai | S87: =IFERROR(__xludf.DUMMYFUNCTION("""COMPUTED_VALUE"""),"Khóa học") -> Khóa học | T87: =IFERROR(__xludf.DUMMYFUNCTION("""COMPUTED_VALUE"""),0.0) -> 0 | U87: =IFERROR(__xludf.DUMMYFUNCTION("""COMPUTED_VALUE"""),1.0) -> 1 | V87: =IFERROR(__xludf.DUMMYFUNCTION("""COMPUTED_VALUE"""),0.0) -> 0 | W87: =IFERROR(__xludf.DUMMYFUNCTION("""COMPUTED_VALUE"""),1.0) -> 1 | X87: =IFERROR(__xludf.DUMMYFUNCTION("""COMPUTED_VALUE"""),"Nhóm 1: Khách tự nhiên vãng lai (Chỉ có HĐ)") -> Nhóm 1: Khách tự nhiên vãng lai (Chỉ có HĐ)
A88: =IFERROR(__xludf.DUMMYFUNCTION("""COMPUTED_VALUE"""),"0987052041") -> 0987052041 | C88: =IFERROR(__xludf.DUMMYFUNCTION("""COMPUTED_VALUE"""),46032.0) -> 46032 | J88: =IFERROR(__xludf.DUMMYFUNCTION("""COMPUTED_VALUE"""),"HD028169") -> HD028169 | K88: =IFERROR(__xludf.DUMMYFUNCTION("""COMPUTED_VALUE"""),"KH009088") -> KH009088 | L88: =IFERROR(__xludf.DUMMYFUNCTION("""COMPUTED_VALUE"""),"(DV) Học Phí Vic Academy") -> (DV) Học Phí Vic Academy | M88: =IFERROR(__xludf.DUMMYFUNCTION("""COMPUTED_VALUE"""),1.23E7) -> 12300000 | P88: =IFERROR(__xludf.DUMMYFUNCTION("""COMPUTED_VALUE"""),FALSE) -> FALSE | Q88: =IFERROR(__xludf.DUMMYFUNCTION("""COMPUTED_VALUE"""),"ĐÀO TẠO") -> ĐÀO TẠO | R88: =IFERROR(__xludf.DUMMYFUNCTION("""COMPUTED_VALUE"""),"Vãng lai") -> Vãng lai | S88: =IFERROR(__xludf.DUMMYFUNCTION("""COMPUTED_VALUE"""),"Khóa học") -> Khóa học | T88: =IFERROR(__xludf.DUMMYFUNCTION("""COMPUTED_VALUE"""),0.0) -> 0 | U88: =IFERROR(__xludf.DUMMYFUNCTION("""COMPUTED_VALUE"""),1.0) -> 1 | V88: =IFERROR(__xludf.DUMMYFUNCTION("""COMPUTED_VALUE"""),0.0) -> 0 | W88: =IFERROR(__xludf.DUMMYFUNCTION("""COMPUTED_VALUE"""),1.0) -> 1 | X88: =IFERROR(__xludf.DUMMYFUNCTION("""COMPUTED_VALUE"""),"Nhóm 1: Khách tự nhiên vãng lai (Chỉ có HĐ)") -> Nhóm 1: Khách tự nhiên vãng lai (Chỉ có HĐ)
A89: =IFERROR(__xludf.DUMMYFUNCTION("""COMPUTED_VALUE"""),"0789879696") -> 0789879696 | C89: =IFERROR(__xludf.DUMMYFUNCTION("""COMPUTED_VALUE"""),46032.0) -> 46032 | J89: =IFERROR(__xludf.DUMMYFUNCTION("""COMPUTED_VALUE"""),"HD028170") -> HD028170 | K89: =IFERROR(__xludf.DUMMYFUNCTION("""COMPUTED_VALUE"""),"KH001259") -> KH001259 | L89: =IFERROR(__xludf.DUMMYFUNCTION("""COMPUTED_VALUE"""),"(DV) Học Phí Vic Academy") -> (DV) Học Phí Vic Academy | M89: =IFERROR(__xludf.DUMMYFUNCTION("""COMPUTED_VALUE"""),9800000.0) -> 9800000 | P89: =IFERROR(__xludf.DUMMYFUNCTION("""COMPUTED_VALUE"""),FALSE) -> FALSE | Q89: =IFERROR(__xludf.DUMMYFUNCTION("""COMPUTED_VALUE"""),"ĐÀO TẠO") -> ĐÀO TẠO | R89: =IFERROR(__xludf.DUMMYFUNCTION("""COMPUTED_VALUE"""),"Vãng lai") -> Vãng lai | S89: =IFERROR(__xludf.DUMMYFUNCTION("""COMPUTED_VALUE"""),"Khóa học") -> Khóa học | T89: =IFERROR(__xludf.DUMMYFUNCTION("""COMPUTED_VALUE"""),0.0) -> 0 | U89: =IFERROR(__xludf.DUMMYFUNCTION("""COMPUTED_VALUE"""),1.0) -> 1 | V89: =IFERROR(__xludf.DUMMYFUNCTION("""COMPUTED_VALUE"""),0.0) -> 0 | W89: =IFERROR(__xludf.DUMMYFUNCTION("""COMPUTED_VALUE"""),1.0) -> 1 | X89: =IFERROR(__xludf.DUMMYFUNCTION("""COMPUTED_VALUE"""),"Nhóm 1: Khách tự nhiên vãng lai (Chỉ có HĐ)") -> Nhóm 1: Khách tự nhiên vãng lai (Chỉ có HĐ)
A90: =IFERROR(__xludf.DUMMYFUNCTION("""COMPUTED_VALUE"""),"0821067858689") -> 0821067858689 | C90: =IFERROR(__xludf.DUMMYFUNCTION("""COMPUTED_VALUE"""),46032.0) -> 46032 | J90: =IFERROR(__xludf.DUMMYFUNCTION("""COMPUTED_VALUE"""),"HD028171") -> HD028171 | K90: =IFERROR(__xludf.DUMMYFUNCTION("""COMPUTED_VALUE"""),"KH009089") -> KH009089 | L90: =IFERROR(__xludf.DUMMYFUNCTION("""COMPUTED_VALUE"""),"(DV) Học Phí Vic Academy") -> (DV) Học Phí Vic Academy | M90: =IFERROR(__xludf.DUMMYFUNCTION("""COMPUTED_VALUE"""),1.23E7) -> 12300000 | P90: =IFERROR(__xludf.DUMMYFUNCTION("""COMPUTED_VALUE"""),FALSE) -> FALSE | Q90: =IFERROR(__xludf.DUMMYFUNCTION("""COMPUTED_VALUE"""),"ĐÀO TẠO") -> ĐÀO TẠO | R90: =IFERROR(__xludf.DUMMYFUNCTION("""COMPUTED_VALUE"""),"Vãng lai") -> Vãng lai | S90: =IFERROR(__xludf.DUMMYFUNCTION("""COMPUTED_VALUE"""),"Khóa học") -> Khóa học | T90: =IFERROR(__xludf.DUMMYFUNCTION("""COMPUTED_VALUE"""),0.0) -> 0 | U90: =IFERROR(__xludf.DUMMYFUNCTION("""COMPUTED_VALUE"""),1.0) -> 1 | V90: =IFERROR(__xludf.DUMMYFUNCTION("""COMPUTED_VALUE"""),0.0) -> 0 | W90: =IFERROR(__xludf.DUMMYFUNCTION("""COMPUTED_VALUE"""),1.0) -> 1 | X90: =IFERROR(__xludf.DUMMYFUNCTION("""COMPUTED_VALUE"""),"Nhóm 1: Khách tự nhiên vãng lai (Chỉ có HĐ)") -> Nhóm 1: Khách tự nhiên vãng lai (Chỉ có HĐ)
A91: =IFERROR(__xludf.DUMMYFUNCTION("""COMPUTED_VALUE"""),"0765938718") -> 0765938718 | C91: =IFERROR(__xludf.DUMMYFUNCTION("""COMPUTED_VALUE"""),46032.0) -> 46032 | J91: =IFERROR(__xludf.DUMMYFUNCTION("""COMPUTED_VALUE"""),"HD028172") -> HD028172 | K91: =IFERROR(__xludf.DUMMYFUNCTION("""COMPUTED_VALUE"""),"KH007386") -> KH007386 | L91: =IFERROR(__xludf.DUMMYFUNCTION("""COMPUTED_VALUE"""),"(DV) Học Phí Vic Academy") -> (DV) Học Phí Vic Academy | M91: =IFERROR(__xludf.DUMMYFUNCTION("""COMPUTED_VALUE"""),1.23E7) -> 12300000 | P91: =IFERROR(__xludf.DUMMYFUNCTION("""COMPUTED_VALUE"""),FALSE) -> FALSE | Q91: =IFERROR(__xludf.DUMMYFUNCTION("""COMPUTED_VALUE"""),"ĐÀO TẠO") -> ĐÀO TẠO | R91: =IFERROR(__xludf.DUMMYFUNCTION("""COMPUTED_VALUE"""),"Vãng lai") -> Vãng lai | S91: =IFERROR(__xludf.DUMMYFUNCTION("""COMPUTED_VALUE"""),"Khóa học") -> Khóa học | T91: =IFERROR(__xludf.DUMMYFUNCTION("""COMPUTED_VALUE"""),0.0) -> 0 | U91: =IFERROR(__xludf.DUMMYFUNCTION("""COMPUTED_VALUE"""),1.0) -> 1 | V91: =IFERROR(__xludf.DUMMYFUNCTION("""COMPUTED_VALUE"""),0.0) -> 0 | W91: =IFERROR(__xludf.DUMMYFUNCTION("""COMPUTED_VALUE"""),1.0) -> 1 | X91: =IFERROR(__xludf.DUMMYFUNCTION("""COMPUTED_VALUE"""),"Nhóm 1: Khách tự nhiên vãng lai (Chỉ có HĐ)") -> Nhóm 1: Khách tự nhiên vãng lai (Chỉ có HĐ)
A92: =IFERROR(__xludf.DUMMYFUNCTION("""COMPUTED_VALUE"""),"0985363637") -> 0985363637 | C92: =IFERROR(__xludf.DUMMYFUNCTION("""COMPUTED_VALUE"""),46032.0) -> 46032 | J92: =IFERROR(__xludf.DUMMYFUNCTION("""COMPUTED_VALUE"""),"HD028176") -> HD028176 | K92: =IFERROR(__xludf.DUMMYFUNCTION("""COMPUTED_VALUE"""),"KH008483") -> KH008483 | L92: =IFERROR(__xludf.DUMMYFUNCTION("""COMPUTED_VALUE"""),"(DV) Double bóc tách - GOLD") -> (DV) Double bóc tách - GOLD | M92: =IFERROR(__xludf.DUMMYFUNCTION("""COMPUTED_VALUE"""),1581000.0) -> 1581000 | P92: =IFERROR(__xludf.DUMMYFUNCTION("""COMPUTED_VALUE"""),FALSE) -> FALSE | Q92: =IFERROR(__xludf.DUMMYFUNCTION("""COMPUTED_VALUE"""),"DỊCH VỤ") -> DỊCH VỤ | R92: =IFERROR(__xludf.DUMMYFUNCTION("""COMPUTED_VALUE"""),"Vãng lai") -> Vãng lai | S92: =IFERROR(__xludf.DUMMYFUNCTION("""COMPUTED_VALUE"""),"CO2 / Cắt đáy sẹo") -> CO2 / Cắt đáy sẹo | T92: =IFERROR(__xludf.DUMMYFUNCTION("""COMPUTED_VALUE"""),0.0) -> 0 | U92: =IFERROR(__xludf.DUMMYFUNCTION("""COMPUTED_VALUE"""),1.0) -> 1 | V92: =IFERROR(__xludf.DUMMYFUNCTION("""COMPUTED_VALUE"""),0.0) -> 0 | W92: =IFERROR(__xludf.DUMMYFUNCTION("""COMPUTED_VALUE"""),1.0) -> 1 | X92: =IFERROR(__xludf.DUMMYFUNCTION("""COMPUTED_VALUE"""),"Nhóm 1: Khách tự nhiên vãng lai (Chỉ có HĐ)") -> Nhóm 1: Khách tự nhiên vãng lai (Chỉ có HĐ)
A93: =IFERROR(__xludf.DUMMYFUNCTION("""COMPUTED_VALUE"""),"0909187333") -> 0909187333 | C93: =IFERROR(__xludf.DUMMYFUNCTION("""COMPUTED_VALUE"""),46032.0) -> 46032 | J93: =IFERROR(__xludf.DUMMYFUNCTION("""COMPUTED_VALUE"""),"HD028177") -> HD028177 | K93: =IFERROR(__xludf.DUMMYFUNCTION("""COMPUTED_VALUE"""),"KH008357") -> KH008357 | L93: =IFERROR(__xludf.DUMMYFUNCTION("""COMPUTED_VALUE"""),"(DV) Tạo sợi tả thực (NỮ) - GOLD") -> (DV) Tạo sợi tả thực (NỮ) - GOLD | M93: =IFERROR(__xludf.DUMMYFUNCTION("""COMPUTED_VALUE"""),2600000.0) -> 2600000 | P93: =IFERROR(__xludf.DUMMYFUNCTION("""COMPUTED_VALUE"""),FALSE) -> FALSE | Q93: =IFERROR(__xludf.DUMMYFUNCTION("""COMPUTED_VALUE"""),"DỊCH VỤ") -> DỊCH VỤ | R93: =IFERROR(__xludf.DUMMYFUNCTION("""COMPUTED_VALUE"""),"Vãng lai") -> Vãng lai | S93: =IFERROR(__xludf.DUMMYFUNCTION("""COMPUTED_VALUE"""),"Làm Mày") -> Làm Mày | T93: =IFERROR(__xludf.DUMMYFUNCTION("""COMPUTED_VALUE"""),0.0) -> 0 | U93: =IFERROR(__xludf.DUMMYFUNCTION("""COMPUTED_VALUE"""),1.0) -> 1 | V93: =IFERROR(__xludf.DUMMYFUNCTION("""COMPUTED_VALUE"""),0.0) -> 0 | W93: =IFERROR(__xludf.DUMMYFUNCTION("""COMPUTED_VALUE"""),1.0) -> 1 | X93: =IFERROR(__xludf.DUMMYFUNCTION("""COMPUTED_VALUE"""),"Nhóm 1: Khách tự nhiên vãng lai (Chỉ có HĐ)") -> Nhóm 1: Khách tự nhiên vãng lai (Chỉ có HĐ)
A94: =IFERROR(__xludf.DUMMYFUNCTION("""COMPUTED_VALUE"""),"0943291159") -> 0943291159 | C94: =IFERROR(__xludf.DUMMYFUNCTION("""COMPUTED_VALUE"""),46032.0) -> 46032 | J94: =IFERROR(__xludf.DUMMYFUNCTION("""COMPUTED_VALUE"""),"HD028178") -> HD028178 | K94: =IFERROR(__xludf.DUMMYFUNCTION("""COMPUTED_VALUE"""),"KH008473") -> KH008473 | L94: =IFERROR(__xludf.DUMMYFUNCTION("""COMPUTED_VALUE"""),"(DV) Double bóc tách - PLATINUM") -> (DV) Double bóc tách - PLATINUM | M94: =IFERROR(__xludf.DUMMYFUNCTION("""COMPUTED_VALUE"""),5260000.0) -> 5260000 | P94: =IFERROR(__xludf.DUMMYFUNCTION("""COMPUTED_VALUE"""),FALSE) -> FALSE | Q94: =IFERROR(__xludf.DUMMYFUNCTION("""COMPUTED_VALUE"""),"DỊCH VỤ") -> DỊCH VỤ | R94: =IFERROR(__xludf.DUMMYFUNCTION("""COMPUTED_VALUE"""),"Vãng lai") -> Vãng lai | S94: =IFERROR(__xludf.DUMMYFUNCTION("""COMPUTED_VALUE"""),"CO2 / Cắt đáy sẹo") -> CO2 / Cắt đáy sẹo | T94: =IFERROR(__xludf.DUMMYFUNCTION("""COMPUTED_VALUE"""),0.0) -> 0 | U94: =IFERROR(__xludf.DUMMYFUNCTION("""COMPUTED_VALUE"""),1.0) -> 1 | V94: =IFERROR(__xludf.DUMMYFUNCTION("""COMPUTED_VALUE"""),0.0) -> 0 | W94: =IFERROR(__xludf.DUMMYFUNCTION("""COMPUTED_VALUE"""),1.0) -> 1 | X94: =IFERROR(__xludf.DUMMYFUNCTION("""COMPUTED_VALUE"""),"Nhóm 1: Khách tự nhiên vãng lai (Chỉ có HĐ)") -> Nhóm 1: Khách tự nhiên vãng lai (Chỉ có HĐ)
A95: =IFERROR(__xludf.DUMMYFUNCTION("""COMPUTED_VALUE"""),"0909187333") -> 0909187333 | C95: =IFERROR(__xludf.DUMMYFUNCTION("""COMPUTED_VALUE"""),46032.0) -> 46032 | J95: =IFERROR(__xludf.DUMMYFUNCTION("""COMPUTED_VALUE"""),"HD028179") -> HD028179 | K95: =IFERROR(__xludf.DUMMYFUNCTION("""COMPUTED_VALUE"""),"KH008357") -> KH008357 | L95: =IFERROR(__xludf.DUMMYFUNCTION("""COMPUTED_VALUE"""),"(DV) Double bóc tách - GOLD") -> (DV) Double bóc tách - GOLD | M95: =IFERROR(__xludf.DUMMYFUNCTION("""COMPUTED_VALUE"""),1760000.0) -> 1760000 | P95: =IFERROR(__xludf.DUMMYFUNCTION("""COMPUTED_VALUE"""),FALSE) -> FALSE | Q95: =IFERROR(__xludf.DUMMYFUNCTION("""COMPUTED_VALUE"""),"DỊCH VỤ") -> DỊCH VỤ | R95: =IFERROR(__xludf.DUMMYFUNCTION("""COMPUTED_VALUE"""),"Vãng lai") -> Vãng lai | S95: =IFERROR(__xludf.DUMMYFUNCTION("""COMPUTED_VALUE"""),"CO2 / Cắt đáy sẹo") -> CO2 / Cắt đáy sẹo | T95: =IFERROR(__xludf.DUMMYFUNCTION("""COMPUTED_VALUE"""),0.0) -> 0 | U95: =IFERROR(__xludf.DUMMYFUNCTION("""COMPUTED_VALUE"""),1.0) -> 1 | V95: =IFERROR(__xludf.DUMMYFUNCTION("""COMPUTED_VALUE"""),0.0) -> 0 | W95: =IFERROR(__xludf.DUMMYFUNCTION("""COMPUTED_VALUE"""),1.0) -> 1 | X95: =IFERROR(__xludf.DUMMYFUNCTION("""COMPUTED_VALUE"""),"Nhóm 1: Khách tự nhiên vãng lai (Chỉ có HĐ)") -> Nhóm 1: Khách tự nhiên vãng lai (Chỉ có HĐ)
A96: =IFERROR(__xludf.DUMMYFUNCTION("""COMPUTED_VALUE"""),"0938099844") -> 0938099844 | C96: =IFERROR(__xludf.DUMMYFUNCTION("""COMPUTED_VALUE"""),46032.0) -> 46032 | J96: =IFERROR(__xludf.DUMMYFUNCTION("""COMPUTED_VALUE"""),"HD028180") -> HD028180 | K96: =IFERROR(__xludf.DUMMYFUNCTION("""COMPUTED_VALUE"""),"KH009091") -> KH009091 | L96: =IFERROR(__xludf.DUMMYFUNCTION("""COMPUTED_VALUE"""),"(DV) GÓI TIẾT KIỆM - XÓA CHÂN MÀY TRỌN GÓI") -> (DV) GÓI TIẾT KIỆM - XÓA CHÂN MÀY TRỌN GÓI | M96: =IFERROR(__xludf.DUMMYFUNCTION("""COMPUTED_VALUE"""),0.0) -> 0 | P96: =IFERROR(__xludf.DUMMYFUNCTION("""COMPUTED_VALUE"""),TRUE) -> TRUE | Q96: =IFERROR(__xludf.DUMMYFUNCTION("""COMPUTED_VALUE"""),"DỊCH VỤ") -> DỊCH VỤ | R96: =IFERROR(__xludf.DUMMYFUNCTION("""COMPUTED_VALUE"""),"Vãng lai") -> Vãng lai | S96: =IFERROR(__xludf.DUMMYFUNCTION("""COMPUTED_VALUE"""),"Xóa Laser") -> Xóa Laser | T96: =IFERROR(__xludf.DUMMYFUNCTION("""COMPUTED_VALUE"""),0.0) -> 0 | U96: =IFERROR(__xludf.DUMMYFUNCTION("""COMPUTED_VALUE"""),1.0) -> 1 | V96: =IFERROR(__xludf.DUMMYFUNCTION("""COMPUTED_VALUE"""),0.0) -> 0 | W96: =IFERROR(__xludf.DUMMYFUNCTION("""COMPUTED_VALUE"""),1.0) -> 1 | X96: =IFERROR(__xludf.DUMMYFUNCTION("""COMPUTED_VALUE"""),"Nhóm 1: Khách tự nhiên vãng lai (Chỉ có HĐ)") -> Nhóm 1: Khách tự nhiên vãng lai (Chỉ có HĐ)
A97: =IFERROR(__xludf.DUMMYFUNCTION("""COMPUTED_VALUE"""),"0855704110") -> 0855704110 | C97: =IFERROR(__xludf.DUMMYFUNCTION("""COMPUTED_VALUE"""),46032.0) -> 46032 | J97: =IFERROR(__xludf.DUMMYFUNCTION("""COMPUTED_VALUE"""),"HD028182") -> HD028182 | K97: =IFERROR(__xludf.DUMMYFUNCTION("""COMPUTED_VALUE"""),"KH009083") -> KH009083 | L97: =IFERROR(__xludf.DUMMYFUNCTION("""COMPUTED_VALUE"""),"(DV) Tạo sợi tả thực [NỮ] - GIẢNG VIÊN") -> (DV) Tạo sợi tả thực [NỮ] - GIẢNG VIÊN | M97: =IFERROR(__xludf.DUMMYFUNCTION("""COMPUTED_VALUE"""),6750000.0) -> 6750000 | P97: =IFERROR(__xludf.DUMMYFUNCTION("""COMPUTED_VALUE"""),FALSE) -> FALSE | Q97: =IFERROR(__xludf.DUMMYFUNCTION("""COMPUTED_VALUE"""),"DỊCH VỤ") -> DỊCH VỤ | R97: =IFERROR(__xludf.DUMMYFUNCTION("""COMPUTED_VALUE"""),"Vãng lai") -> Vãng lai | S97: =IFERROR(__xludf.DUMMYFUNCTION("""COMPUTED_VALUE"""),"Làm Mày") -> Làm Mày | T97: =IFERROR(__xludf.DUMMYFUNCTION("""COMPUTED_VALUE"""),0.0) -> 0 | U97: =IFERROR(__xludf.DUMMYFUNCTION("""COMPUTED_VALUE"""),1.0) -> 1 | V97: =IFERROR(__xludf.DUMMYFUNCTION("""COMPUTED_VALUE"""),0.0) -> 0 | W97: =IFERROR(__xludf.DUMMYFUNCTION("""COMPUTED_VALUE"""),1.0) -> 1 | X97: =IFERROR(__xludf.DUMMYFUNCTION("""COMPUTED_VALUE"""),"Nhóm 1: Khách tự nhiên vãng lai (Chỉ có HĐ)") -> Nhóm 1: Khách tự nhiên vãng lai (Chỉ có HĐ)
A98: =IFERROR(__xludf.DUMMYFUNCTION("""COMPUTED_VALUE"""),"0909317790") -> 0909317790 | C98: =IFERROR(__xludf.DUMMYFUNCTION("""COMPUTED_VALUE"""),46032.0) -> 46032 | J98: =IFERROR(__xludf.DUMMYFUNCTION("""COMPUTED_VALUE"""),"HD028184") -> HD028184 | K98: =IFERROR(__xludf.DUMMYFUNCTION("""COMPUTED_VALUE"""),"KH005632") -> KH005632 | L98: =IFERROR(__xludf.DUMMYFUNCTION("""COMPUTED_VALUE"""),"(DV) Double bóc tách - GOLD") -> (DV) Double bóc tách - GOLD | M98: =IFERROR(__xludf.DUMMYFUNCTION("""COMPUTED_VALUE"""),1439000.0) -> 1439000 | P98: =IFERROR(__xludf.DUMMYFUNCTION("""COMPUTED_VALUE"""),FALSE) -> FALSE | Q98: =IFERROR(__xludf.DUMMYFUNCTION("""COMPUTED_VALUE"""),"DỊCH VỤ") -> DỊCH VỤ | R98: =IFERROR(__xludf.DUMMYFUNCTION("""COMPUTED_VALUE"""),"Vãng lai") -> Vãng lai | S98: =IFERROR(__xludf.DUMMYFUNCTION("""COMPUTED_VALUE"""),"CO2 / Cắt đáy sẹo") -> CO2 / Cắt đáy sẹo | T98: =IFERROR(__xludf.DUMMYFUNCTION("""COMPUTED_VALUE"""),0.0) -> 0 | U98: =IFERROR(__xludf.DUMMYFUNCTION("""COMPUTED_VALUE"""),1.0) -> 1 | V98: =IFERROR(__xludf.DUMMYFUNCTION("""COMPUTED_VALUE"""),0.0) -> 0 | W98: =IFERROR(__xludf.DUMMYFUNCTION("""COMPUTED_VALUE"""),1.0) -> 1 | X98: =IFERROR(__xludf.DUMMYFUNCTION("""COMPUTED_VALUE"""),"Nhóm 1: Khách tự nhiên vãng lai (Chỉ có HĐ)") -> Nhóm 1: Khách tự nhiên vãng lai (Chỉ có HĐ)
A99: =IFERROR(__xludf.DUMMYFUNCTION("""COMPUTED_VALUE"""),"0918246026") -> 0918246026 | C99: =IFERROR(__xludf.DUMMYFUNCTION("""COMPUTED_VALUE"""),46032.0) -> 46032 | J99: =IFERROR(__xludf.DUMMYFUNCTION("""COMPUTED_VALUE"""),"HD028185") -> HD028185 | K99: =IFERROR(__xludf.DUMMYFUNCTION("""COMPUTED_VALUE"""),"KH009094") -> KH009094 | L99: =IFERROR(__xludf.DUMMYFUNCTION("""COMPUTED_VALUE"""),"(DV) Tạo sợi tả thực [NỮ] - GIẢNG VIÊN") -> (DV) Tạo sợi tả thực [NỮ] - GIẢNG VIÊN | M99: =IFERROR(__xludf.DUMMYFUNCTION("""COMPUTED_VALUE"""),6750000.0) -> 6750000 | P99: =IFERROR(__xludf.DUMMYFUNCTION("""COMPUTED_VALUE"""),FALSE) -> FALSE | Q99: =IFERROR(__xludf.DUMMYFUNCTION("""COMPUTED_VALUE"""),"DỊCH VỤ") -> DỊCH VỤ | R99: =IFERROR(__xludf.DUMMYFUNCTION("""COMPUTED_VALUE"""),"Vãng lai") -> Vãng lai | S99: =IFERROR(__xludf.DUMMYFUNCTION("""COMPUTED_VALUE"""),"Làm Mày") -> Làm Mày | T99: =IFERROR(__xludf.DUMMYFUNCTION("""COMPUTED_VALUE"""),0.0) -> 0 | U99: =IFERROR(__xludf.DUMMYFUNCTION("""COMPUTED_VALUE"""),1.0) -> 1 | V99: =IFERROR(__xludf.DUMMYFUNCTION("""COMPUTED_VALUE"""),0.0) -> 0 | W99: =IFERROR(__xludf.DUMMYFUNCTION("""COMPUTED_VALUE"""),1.0) -> 1 | X99: =IFERROR(__xludf.DUMMYFUNCTION("""COMPUTED_VALUE"""),"Nhóm 1: Khách tự nhiên vãng lai (Chỉ có HĐ)") -> Nhóm 1: Khách tự nhiên vãng lai (Chỉ có HĐ)
A100: =IFERROR(__xludf.DUMMYFUNCTION("""COMPUTED_VALUE"""),"019725229287") -> 019725229287 | C100: =IFERROR(__xludf.DUMMYFUNCTION("""COMPUTED_VALUE"""),46032.0) -> 46032 | J100: =IFERROR(__xludf.DUMMYFUNCTION("""COMPUTED_VALUE"""),"HD028186") -> HD028186 | K100: =IFERROR(__xludf.DUMMYFUNCTION("""COMPUTED_VALUE"""),"KH009096") -> KH009096 | L100: =IFERROR(__xludf.DUMMYFUNCTION("""COMPUTED_VALUE"""),"(DV) Khử thâm + Phun môi - DIAMOND") -> (DV) Khử thâm + Phun môi - DIAMOND | M100: =IFERROR(__xludf.DUMMYFUNCTION("""COMPUTED_VALUE"""),9600000.0) -> 9600000 | P100: =IFERROR(__xludf.DUMMYFUNCTION("""COMPUTED_VALUE"""),FALSE) -> FALSE | Q100: =IFERROR(__xludf.DUMMYFUNCTION("""COMPUTED_VALUE"""),"DỊCH VỤ") -> DỊCH VỤ | R100: =IFERROR(__xludf.DUMMYFUNCTION("""COMPUTED_VALUE"""),"Vãng lai") -> Vãng lai | S100: =IFERROR(__xludf.DUMMYFUNCTION("""COMPUTED_VALUE"""),"Làm Môi") -> Làm Môi | T100: =IFERROR(__xludf.DUMMYFUNCTION("""COMPUTED_VALUE"""),0.0) -> 0 | U100: =IFERROR(__xludf.DUMMYFUNCTION("""COMPUTED_VALUE"""),1.0) -> 1 | V100: =IFERROR(__xludf.DUMMYFUNCTION("""COMPUTED_VALUE"""),0.0) -> 0 | W100: =IFERROR(__xludf.DUMMYFUNCTION("""COMPUTED_VALUE"""),1.0) -> 1 | X100: =IFERROR(__xludf.DUMMYFUNCTION("""COMPUTED_VALUE"""),"Nhóm 1: Khách tự nhiên vãng lai (Chỉ có HĐ)") -> Nhóm 1: Khách tự nhiên vãng lai (Chỉ có HĐ)
...

Sheet KiotViet
A1: Mã hóa đơn | B1: Thời gian | C1: Mã khách hàng | D1: Tên khách hàng | E1: Điện thoại | F1: Người bán | G1: Khách cần trả | H1: Mã hàng | I1: Tên hàng | J1: Số lượng | K1: (paste-zone) | L1: (paste-zone) | M1: (paste-zone) | N1: SĐT Cuối (AUTO)
A2: HD028001 | B2: 46026.452 | C2: KH004211 | D2: Chị Cầm | E2: 0389557477 | F2: Yến Nhi | G2: 9420000 | H2: SP028168 | I2: (DV) Tạo sợi tả thực [NỮ] - DIAMOND | J2: 1 | N2: =IFERROR(__xludf.DUMMYFUNCTION("IF(E2="""","""",""0"" & REGEXREPLACE(REGEXREPLACE(E2&"""",""[^0-9]"",""""),""^0+"",""""))"),"0389557477") -> 0389557477
A3: HD028004 | B3: 46026.577 | C3: KH009044 | D3: Thu Nguyệt | E3: 0988887727 | F3: Nguyễn Sang | G3: 900000 | H3: SP000558 | I3: (DV) GÓI TIẾT KIỆM - XÓA CHÂN MÀY TRỌN GÓI | J3: 1 | N3: =IFERROR(__xludf.DUMMYFUNCTION("IF(E3="""","""",""0"" & REGEXREPLACE(REGEXREPLACE(E3&"""",""[^0-9]"",""""),""^0+"",""""))"),"0988887727") -> 0988887727
A4: HD028006.01 | B4: 46026.601 | C4: KH009045 | D4: Xuân Yến (BV Phương Châu) | E4: 0985868707 | F4: Hường Cao Vic | G4: 15030000 | H4: SP000003 | I4: (DV) Phun Môi - CÔ HƯỜNG | J4: 1 | N4: =IFERROR(__xludf.DUMMYFUNCTION("IF(E4="""","""",""0"" & REGEXREPLACE(REGEXREPLACE(E4&"""",""[^0-9]"",""""),""^0+"",""""))"),"0985868707") -> 0985868707
A5: HD028011 | B5: 46026.701 | C5: KH009044 | D5: Thu Nguyệt | E5: 0988887727 | F5: Thanh Hải | G5: 3490000 | H5: SP000010 | I5: (DV) Khử thâm + Phun môi - GOLD | J5: 1 | N5: =IFERROR(__xludf.DUMMYFUNCTION("IF(E5="""","""",""0"" & REGEXREPLACE(REGEXREPLACE(E5&"""",""[^0-9]"",""""),""^0+"",""""))"),"0988887727") -> 0988887727
A6: HD028012 | B6: 46026.703 | C6: KH008410 | D6: Nguyễn Diệu Ngọc Tuyền | E6: 0908436728 | F6: Hường Cao Vic | G6: 17970000 | H6: SP000223 | I6: (DV) Tạo sợi tả thực [NỮ] - CÔ HƯỜNG | J6: 1 | N6: =IFERROR(__xludf.DUMMYFUNCTION("IF(E6="""","""",""0"" & REGEXREPLACE(REGEXREPLACE(E6&"""",""[^0-9]"",""""),""^0+"",""""))"),"0908436728") -> 0908436728
A7: HD028013 | B7: 46026.704 | C7: KH009046 | D7: Huyền | E7: 0565867163 | F7: Nguyễn Sang | G7: 900000 | H7: SP000558 | I7: (DV) GÓI TIẾT KIỆM - XÓA CHÂN MÀY TRỌN GÓI | J7: 1 | N7: =IFERROR(__xludf.DUMMYFUNCTION("IF(E7="""","""",""0"" & REGEXREPLACE(REGEXREPLACE(E7&"""",""[^0-9]"",""""),""^0+"",""""))"),"0565867163") -> 0565867163
A8: HD028014 | B8: 46026.706 | C8: KH008349 | D8: Chị Huệ | E8: 0974992869 | F8: Thanh Trân | G8: 2700000 | H8: SP000011 | I8: (DV) Double bóc tách - GOLD | J8: 1 | N8: =IFERROR(__xludf.DUMMYFUNCTION("IF(E8="""","""",""0"" & REGEXREPLACE(REGEXREPLACE(E8&"""",""[^0-9]"",""""),""^0+"",""""))"),"0974992869") -> 0974992869
A9: HD028016 | B9: 46026.709 | C9: KH009043 | D9: Evan - Ngọc | E9: 0896146217 | F9: Thanh Phương | G9: 10800000 | H9: SP028168 | I9: (DV) Tạo sợi tả thực [NỮ] - DIAMOND | J9: 1 | N9: =IFERROR(__xludf.DUMMYFUNCTION("IF(E9="""","""",""0"" & REGEXREPLACE(REGEXREPLACE(E9&"""",""[^0-9]"",""""),""^0+"",""""))"),"0896146217") -> 0896146217
A10: HD028017 | B10: 46026.71 | C10: KH009043 | D10: Evan - Ngọc | E10: 0896146217 | F10: Yến Nhi | G10: 8100000 | H10: SP028166 | I10: (DV) Double bóc tách - DIAMOND | J10: 1 | N10: =IFERROR(__xludf.DUMMYFUNCTION("IF(E10="""","""",""0"" & REGEXREPLACE(REGEXREPLACE(E10&"""",""[^0-9]"",""""),""^0+"",""""))"),"0896146217") -> 0896146217
A11: HD028018 | B11: 46026.715 | C11: KH009047 | D11: Phương Thảo | E11: 0909616797 | F11: Nguyễn Sang | G11: 900000 | H11: SP000558 | I11: (DV) GÓI TIẾT KIỆM - XÓA CHÂN MÀY TRỌN GÓI | J11: 1 | N11: =IFERROR(__xludf.DUMMYFUNCTION("IF(E11="""","""",""0"" & REGEXREPLACE(REGEXREPLACE(E11&"""",""[^0-9]"",""""),""^0+"",""""))"),"0909616797") -> 0909616797
A12: HD028019 | B12: 46026.722 | C12: KH009047 | D12: Phương Thảo | E12: 0909616797 | F12: Nguyễn Sang | G12: 1490000 | H12: SP002859 | I12: (DV) Công nghệ CO2 Fractional - Tách thâm | J12: 1 | N12: =IFERROR(__xludf.DUMMYFUNCTION("IF(E12="""","""",""0"" & REGEXREPLACE(REGEXREPLACE(E12&"""",""[^0-9]"",""""),""^0+"",""""))"),"0909616797") -> 0909616797
A13: HD028020 | B13: 46026.724 | C13: KH009048 | D13: Phương | E13: 0939431555 | F13: Thanh Phương | G13: 6600000 | H13: SP028202 | I13: (DV) Xử lý nền + Phun môi - PLATINUM | J13: 1 | N13: =IFERROR(__xludf.DUMMYFUNCTION("IF(E13="""","""",""0"" & REGEXREPLACE(REGEXREPLACE(E13&"""",""[^0-9]"",""""),""^0+"",""""))"),"0939431555") -> 0939431555
A14: HD028021 | B14: 46026.725 | C14: KH009049 | D14: Phan Ngọc Trâm | E14: 0989413672 | F14: Nguyễn Sang | G14: 900000 | H14: SP000558 | I14: (DV) GÓI TIẾT KIỆM - XÓA CHÂN MÀY TRỌN GÓI | J14: 1 | N14: =IFERROR(__xludf.DUMMYFUNCTION("IF(E14="""","""",""0"" & REGEXREPLACE(REGEXREPLACE(E14&"""",""[^0-9]"",""""),""^0+"",""""))"),"0989413672") -> 0989413672
A15: HD028022 | B15: 46026.729 | C15: KH009050 | D15: Tiên Tiên | E15: 0944704036 | F15: Nguyễn Sang | G15: 900000 | H15: SP000453 | I15: (DV) Xóa lần 01 - Chân Mày | J15: 1 | N15: =IFERROR(__xludf.DUMMYFUNCTION("IF(E15="""","""",""0"" & REGEXREPLACE(REGEXREPLACE(E15&"""",""[^0-9]"",""""),""^0+"",""""))"),"0944704036") -> 0944704036
A16: HD028023 | B16: 46026.732 | C16: KH009043 | D16: Evan - Ngọc | E16: 0896146217 | F16: Nguyên Ngọc | G16: 11300000 | H16: SP028167 | I16: (DV) Tạo sợi tả thực [NAM] - DIAMOND | J16: 1 | N16: =IFERROR(__xludf.DUMMYFUNCTION("IF(E16="""","""",""0"" & REGEXREPLACE(REGEXREPLACE(E16&"""",""[^0-9]"",""""),""^0+"",""""))"),"0896146217") -> 0896146217
A17: HD028033 | B17: 46027.557 | C17: KH009054 | D17: Chị Trúc | E17: 0783316640 | F17: Nguyễn Sang | G17: 1490000 | H17: SP002859 | I17: (DV) Công nghệ CO2 Fractional - Tách thâm | J17: 1 | N17: =IFERROR(__xludf.DUMMYFUNCTION("IF(E17="""","""",""0"" & REGEXREPLACE(REGEXREPLACE(E17&"""",""[^0-9]"",""""),""^0+"",""""))"),"0783316640") -> 0783316640
A18: HD028035 | B18: 46027.709 | C18: KH009056 | D18: Tú Lan | E18: 0906528838 | F18: Nguyễn Sang | G18: 900000 | H18: SP000558 | I18: (DV) GÓI TIẾT KIỆM - XÓA CHÂN MÀY TRỌN GÓI | J18: 1 | N18: =IFERROR(__xludf.DUMMYFUNCTION("IF(E18="""","""",""0"" & REGEXREPLACE(REGEXREPLACE(E18&"""",""[^0-9]"",""""),""^0+"",""""))"),"0906528838") -> 0906528838
A19: HD028036 | B19: 46027.749 | C19: KH008276 | D19: Thanh Hồng | E19: 0932781732 | F19: Khánh Linh | G19: 3390000 | H19: SP000190 | I19: (DV) Tạo sợi tả thực (NỮ) - GOLD | J19: 1 | N19: =IFERROR(__xludf.DUMMYFUNCTION("IF(E19="""","""",""0"" & REGEXREPLACE(REGEXREPLACE(E19&"""",""[^0-9]"",""""),""^0+"",""""))"),"0932781732") -> 0932781732
A20: HD028037 | B20: 46027.751 | C20: KH009051 | D20: Phương Trang | E20: 0899462050 | F20: Thanh Phương | G20: 7100000 | H20: SP028166 | I20: (DV) Double bóc tách - DIAMOND | J20: 1 | N20: =IFERROR(__xludf.DUMMYFUNCTION("IF(E20="""","""",""0"" & REGEXREPLACE(REGEXREPLACE(E20&"""",""[^0-9]"",""""),""^0+"",""""))"),"0899462050") -> 0899462050
A21: HD028038 | B21: 46027.763 | C21: KH009058 | D21: Thảo Ly | E21: 0909343459 | F21: Nguyễn Sang | G21: 0 | H21: SP000558 | I21: (DV) GÓI TIẾT KIỆM - XÓA CHÂN MÀY TRỌN GÓI | J21: 1 | N21: =IFERROR(__xludf.DUMMYFUNCTION("IF(E21="""","""",""0"" & REGEXREPLACE(REGEXREPLACE(E21&"""",""[^0-9]"",""""),""^0+"",""""))"),"0909343459") -> 0909343459
A22: HD028039 | B22: 46027.768 | C22: KH009059 | D22: Đỗ Quyên | E22: 0934776568 | F22: Nguyễn Sang | G22: 1490000 | H22: SP002859 | I22: (DV) Công nghệ CO2 Fractional - Tách thâm | J22: 1 | N22: =IFERROR(__xludf.DUMMYFUNCTION("IF(E22="""","""",""0"" & REGEXREPLACE(REGEXREPLACE(E22&"""",""[^0-9]"",""""),""^0+"",""""))"),"0934776568") -> 0934776568
A23: HD028040 | B23: 46027.771 | C23: KH009052 | D23: Thu Trinh | E23: 0906380544 | F23: Nguyễn Sang | G23: 990000 | H23: SP002859 | I23: (DV) Công nghệ CO2 Fractional - Tách thâm | J23: 1 | N23: =IFERROR(__xludf.DUMMYFUNCTION("IF(E23="""","""",""0"" & REGEXREPLACE(REGEXREPLACE(E23&"""",""[^0-9]"",""""),""^0+"",""""))"),"0906380544") -> 0906380544
A24: HD028041 | B24: 46027.773 | C24: KH009059 | D24: Đỗ Quyên | E24: 0934776568 | F24: Nguyễn Sang | G24: 0 | H24: SP000558 | I24: (DV) GÓI TIẾT KIỆM - XÓA CHÂN MÀY TRỌN GÓI | J24: 1 | N24: =IFERROR(__xludf.DUMMYFUNCTION("IF(E24="""","""",""0"" & REGEXREPLACE(REGEXREPLACE(E24&"""",""[^0-9]"",""""),""^0+"",""""))"),"0934776568") -> 0934776568
A25: HD028042 | B25: 46027.774 | C25: KH001950 | D25: chị Tuyền | E25: 0706156010 | F25: Hồng Hạnh | G25: 1760000 | H25: SP000011 | I25: (DV) Double bóc tách - GOLD | J25: 1 | N25: =IFERROR(__xludf.DUMMYFUNCTION("IF(E25="""","""",""0"" & REGEXREPLACE(REGEXREPLACE(E25&"""",""[^0-9]"",""""),""^0+"",""""))"),"0706156010") -> 0706156010
A26: HD028043 | B26: 46027.775 | C26: KH009060 | D26: Cô Hăng | E26: 0913829298 | F26: Nguyên Ngọc | G26: 7800000 | H26: SP000008 | I26: (DV) Tạo sợi tả thực [NỮ] - GIẢNG VIÊN | J26: 1 | N26: =IFERROR(__xludf.DUMMYFUNCTION("IF(E26="""","""",""0"" & REGEXREPLACE(REGEXREPLACE(E26&"""",""[^0-9]"",""""),""^0+"",""""))"),"0913829298") -> 0913829298
A27: HD028044 | B27: 46027.778 | C27: KH009057 | D27: Thạch Thị Thúy | E27: 0704199298 | F27: Nguyễn Sang | G27: 2490000 | H27: SP002859 | I27: (DV) Công nghệ CO2 Fractional - Tách thâm | J27: 1 | N27: =IFERROR(__xludf.DUMMYFUNCTION("IF(E27="""","""",""0"" & REGEXREPLACE(REGEXREPLACE(E27&"""",""[^0-9]"",""""),""^0+"",""""))"),"0704199298") -> 0704199298
A28: HD028045 | B28: 46028.472 | C28: KH008398 | D28: Nguyễn Giao Chi | E28: 0908066006 | F28: Thu Tiền | G28: 7800000 | H28: SP000008 | I28: (DV) Tạo sợi tả thực [NỮ] - GIẢNG VIÊN | J28: 1 | N28: =IFERROR(__xludf.DUMMYFUNCTION("IF(E28="""","""",""0"" & REGEXREPLACE(REGEXREPLACE(E28&"""",""[^0-9]"",""""),""^0+"",""""))"),"0908066006") -> 0908066006
A29: HD028046 | B29: 46028.473 | C29: KH008546 | D29: Hồng An | E29: 0949100294 | F29: Nguyên Ngọc | G29: 9720000 | H29: SP028168 | I29: (DV) Tạo sợi tả thực [NỮ] - DIAMOND | J29: 1 | N29: =IFERROR(__xludf.DUMMYFUNCTION("IF(E29="""","""",""0"" & REGEXREPLACE(REGEXREPLACE(E29&"""",""[^0-9]"",""""),""^0+"",""""))"),"0949100294") -> 0949100294
A30: HD028047 | B30: 46028.474 | C30: KH008546 | D30: Hồng An | E30: 0949100294 | F30: Nguyễn Sang | G30: 2490000 | H30: SP028221 | I30: (DV) Trẻ hóa da (vùng mặt) (trọn gói) | J30: 1 | N30: =IFERROR(__xludf.DUMMYFUNCTION("IF(E30="""","""",""0"" & REGEXREPLACE(REGEXREPLACE(E30&"""",""[^0-9]"",""""),""^0+"",""""))"),"0949100294") -> 0949100294
A31: HD028048 | B31: 46028.475 | C31: KH008547 | D31: Hồng Lụa | E31: 0937637772 | F31: Nguyễn Sang | G31: 1990000 | H31: SP028221 | I31: (DV) Trẻ hóa da (vùng mặt) (trọn gói) | J31: 1 | N31: =IFERROR(__xludf.DUMMYFUNCTION("IF(E31="""","""",""0"" & REGEXREPLACE(REGEXREPLACE(E31&"""",""[^0-9]"",""""),""^0+"",""""))"),"0937637772") -> 0937637772
A32: HD028049 | B32: 46028.475 | C32: KH008547 | D32: Hồng Lụa | E32: 0937637772 | F32: Hường Cao Vic | G32: 20300000 | H32: SP000223 | I32: (DV) Tạo sợi tả thực [NỮ] - CÔ HƯỜNG | J32: 1 | N32: =IFERROR(__xludf.DUMMYFUNCTION("IF(E32="""","""",""0"" & REGEXREPLACE(REGEXREPLACE(E32&"""",""[^0-9]"",""""),""^0+"",""""))"),"0937637772") -> 0937637772
A33: HD028050 | B33: 46028.486 | C33: KH009061 | D33: Linh Anh | E33: 0775345543 | F33: Kim Thoa | G33: 3390000 | H33: SP000190 | I33: (DV) Tạo sợi tả thực (NỮ) - GOLD | J33: 1 | N33: =IFERROR(__xludf.DUMMYFUNCTION("IF(E33="""","""",""0"" & REGEXREPLACE(REGEXREPLACE(E33&"""",""[^0-9]"",""""),""^0+"",""""))"),"0775345543") -> 0775345543
A34: HD028052 | B34: 46028.504 | C34: KH008397 | D34: Thạch Duyên - Đan Châu | E34: 0357057133 | F34: Nguyễn Sang | G34: 0 | H34: SP000558 | I34: (DV) GÓI TIẾT KIỆM - XÓA CHÂN MÀY TRỌN GÓI | J34: 1 | N34: =IFERROR(__xludf.DUMMYFUNCTION("IF(E34="""","""",""0"" & REGEXREPLACE(REGEXREPLACE(E34&"""",""[^0-9]"",""""),""^0+"",""""))"),"0357057133") -> 0357057133
A35: HD028053 | B35: 46028.528 | C35: KH003490 | D35: Chị Tâm | E35: 0969510292 | F35: Yến Nhi | G35: 8640000 | H35: SP028168 | I35: (DV) Tạo sợi tả thực [NỮ] - DIAMOND | J35: 1 | N35: =IFERROR(__xludf.DUMMYFUNCTION("IF(E35="""","""",""0"" & REGEXREPLACE(REGEXREPLACE(E35&"""",""[^0-9]"",""""),""^0+"",""""))"),"0969510292") -> 0969510292
A36: HD028055 | B36: 46028.556 | C36: KH007718 | D36: Chị Thanh | E36: 0857326751 | F36: Nguyễn Sang | G36: 0 | H36: SP000558 | I36: (DV) GÓI TIẾT KIỆM - XÓA CHÂN MÀY TRỌN GÓI | J36: 1 | N36: =IFERROR(__xludf.DUMMYFUNCTION("IF(E36="""","""",""0"" & REGEXREPLACE(REGEXREPLACE(E36&"""",""[^0-9]"",""""),""^0+"",""""))"),"0857326751") -> 0857326751
A37: HD028056 | B37: 46028.557 | C37: KH009052 | D37: Thu Trinh | E37: 0906380544 | F37: Nguyễn Sang | G37: 0 | H37: SP000558 | I37: (DV) GÓI TIẾT KIỆM - XÓA CHÂN MÀY TRỌN GÓI | J37: 1 | N37: =IFERROR(__xludf.DUMMYFUNCTION("IF(E37="""","""",""0"" & REGEXREPLACE(REGEXREPLACE(E37&"""",""[^0-9]"",""""),""^0+"",""""))"),"0906380544") -> 0906380544
A38: HD028060 | B38: 46028.577 | C38: KH009063 | D38: Quỳnh | E38: 0398559073 | F38: Nguyễn Sang | G38: 0 | H38: SP000558 | I38: (DV) GÓI TIẾT KIỆM - XÓA CHÂN MÀY TRỌN GÓI | J38: 1 | N38: =IFERROR(__xludf.DUMMYFUNCTION("IF(E38="""","""",""0"" & REGEXREPLACE(REGEXREPLACE(E38&"""",""[^0-9]"",""""),""^0+"",""""))"),"0398559073") -> 0398559073
A39: HD028061 | B39: 46028.578 | C39: KH009064 | D39: Yến | E39: 0909008714 | F39: Nguyễn Sang | G39: 0 | H39: SP000558 | I39: (DV) GÓI TIẾT KIỆM - XÓA CHÂN MÀY TRỌN GÓI | J39: 1 | N39: =IFERROR(__xludf.DUMMYFUNCTION("IF(E39="""","""",""0"" & REGEXREPLACE(REGEXREPLACE(E39&"""",""[^0-9]"",""""),""^0+"",""""))"),"0909008714") -> 0909008714
A40: HD028063 | B40: 46028.58 | C40: KH009065 | D40: Thanh Nhàn | E40: 0856142147 | F40: Nguyễn Sang | G40: 0 | H40: SP000558 | I40: (DV) GÓI TIẾT KIỆM - XÓA CHÂN MÀY TRỌN GÓI | J40: 1 | N40: =IFERROR(__xludf.DUMMYFUNCTION("IF(E40="""","""",""0"" & REGEXREPLACE(REGEXREPLACE(E40&"""",""[^0-9]"",""""),""^0+"",""""))"),"0856142147") -> 0856142147
A41: HD028064 | B41: 46028.584 | C41: KH007602 | D41: Chị Ngọc Tuyến | E41: 0943274949 | F41: Nguyễn Sang | G41: 0 | H41: SP002860 | I41: (DV) Công nghệ Xóa Phi Kim - Xóa chân mày (trọn gói) | J41: 1 | N41: =IFERROR(__xludf.DUMMYFUNCTION("IF(E41="""","""",""0"" & REGEXREPLACE(REGEXREPLACE(E41&"""",""[^0-9]"",""""),""^0+"",""""))"),"0943274949") -> 0943274949
A42: HD028065 | B42: 46028.587 | C42: KH008491 | D42: Hồ Thị Yến Nhi | E42: 0368216596 | F42: Hồng Hạnh | G42: 3690000 | H42: SP000010 | I42: (DV) Khử thâm + Phun môi - GOLD | J42: 1 | N42: =IFERROR(__xludf.DUMMYFUNCTION("IF(E42="""","""",""0"" & REGEXREPLACE(REGEXREPLACE(E42&"""",""[^0-9]"",""""),""^0+"",""""))"),"0368216596") -> 0368216596
A43: HD028068 | B43: 46028.627 | C43: KH008845 | D43: Hồ Bảo Yến | E43: 0903669698 | F43: Nguyễn Sang | G43: 0 | H43: SP000558 | I43: (DV) GÓI TIẾT KIỆM - XÓA CHÂN MÀY TRỌN GÓI | J43: 1 | N43: =IFERROR(__xludf.DUMMYFUNCTION("IF(E43="""","""",""0"" & REGEXREPLACE(REGEXREPLACE(E43&"""",""[^0-9]"",""""),""^0+"",""""))"),"0903669698") -> 0903669698
A44: HD028069 | B44: 46028.627 | C44: KH008331 | D44: Phượng Nguyễn | E44: 0918884788 | F44: Nguyễn Sang | G44: 0 | H44: SP000558 | I44: (DV) GÓI TIẾT KIỆM - XÓA CHÂN MÀY TRỌN GÓI | J44: 1 | N44: =IFERROR(__xludf.DUMMYFUNCTION("IF(E44="""","""",""0"" & REGEXREPLACE(REGEXREPLACE(E44&"""",""[^0-9]"",""""),""^0+"",""""))"),"0918884788") -> 0918884788
A45: HD028071 | B45: 46028.688 | C45: KH008342 | D45: Hoàng Anh | E45: 0918076556 | F45: Nguyễn Sang | G45: 0 | H45: SP000558 | I45: (DV) GÓI TIẾT KIỆM - XÓA CHÂN MÀY TRỌN GÓI | J45: 1 | N45: =IFERROR(__xludf.DUMMYFUNCTION("IF(E45="""","""",""0"" & REGEXREPLACE(REGEXREPLACE(E45&"""",""[^0-9]"",""""),""^0+"",""""))"),"0918076556") -> 0918076556
A46: HD028074 | B46: 46028.708 | C46: KH007833 | D46: Chị Tuyền | E46: 0975559242 | F46: Nguyễn Sang | G46: 0 | H46: SP000558 | I46: (DV) GÓI TIẾT KIỆM - XÓA CHÂN MÀY TRỌN GÓI | J46: 1 | N46: =IFERROR(__xludf.DUMMYFUNCTION("IF(E46="""","""",""0"" & REGEXREPLACE(REGEXREPLACE(E46&"""",""[^0-9]"",""""),""^0+"",""""))"),"0975559242") -> 0975559242
A47: HD028077 | B47: 46028.794 | C47: KH009067 | D47: Đan Thi | E47: 0948777277 | F47: Nguyễn Sang | G47: 0 | H47: SP000558 | I47: (DV) GÓI TIẾT KIỆM - XÓA CHÂN MÀY TRỌN GÓI | J47: 1 | N47: =IFERROR(__xludf.DUMMYFUNCTION("IF(E47="""","""",""0"" & REGEXREPLACE(REGEXREPLACE(E47&"""",""[^0-9]"",""""),""^0+"",""""))"),"0948777277") -> 0948777277
A48: HD028084 | B48: 46029.424 | C48: KH008354 | D48: Thủy Tiên | E48: 0909848711 | F48: Thu Tiền | G48: 7800000 | H48: SP000008 | I48: (DV) Tạo sợi tả thực [NỮ] - GIẢNG VIÊN | J48: 1 | N48: =IFERROR(__xludf.DUMMYFUNCTION("IF(E48="""","""",""0"" & REGEXREPLACE(REGEXREPLACE(E48&"""",""[^0-9]"",""""),""^0+"",""""))"),"0909848711") -> 0909848711
A49: HD028085 | B49: 46029.426 | C49: KH009066 | D49: Phương Thảo | E49: 0899313582 | F49: Thanh Phương | G49: 10500000 | H49: SP028166 | I49: (DV) Double bóc tách - DIAMOND | J49: 1 | N49: =IFERROR(__xludf.DUMMYFUNCTION("IF(E49="""","""",""0"" & REGEXREPLACE(REGEXREPLACE(E49&"""",""[^0-9]"",""""),""^0+"",""""))"),"0899313582") -> 0899313582
A50: HD028086 | B50: 46029.429 | C50: KH009066 | D50: Phương Thảo | E50: 0899313582 | F50: Thanh Phương | G50: 15000000 | H50: SP028291 | I50: (DV) - Làm hồng nhũ hoa | J50: 1 | N50: =IFERROR(__xludf.DUMMYFUNCTION("IF(E50="""","""",""0"" & REGEXREPLACE(REGEXREPLACE(E50&"""",""[^0-9]"",""""),""^0+"",""""))"),"0899313582") -> 0899313582
A51: HD028089 | B51: 46029.54 | C51: KH009069 | D51: Nguyễn Thuỵ Lan Thanh | E51: 0932223390 | F51: Thanh Hải | G51: 500000 | H51: SP028250 | I51: (DV) Xử lý nốt ruồi (nốt) | J51: 5 | N51: =IFERROR(__xludf.DUMMYFUNCTION("IF(E51="""","""",""0"" & REGEXREPLACE(REGEXREPLACE(E51&"""",""[^0-9]"",""""),""^0+"",""""))"),"0932223390") -> 0932223390
A52: HD028092 | B52: 46029.589 | C52: KH008465 | D52: Võ Thị Ngọc Hường | E52: 0906967960 | F52: Kim Thoa | G52: 2600000 | H52: SP000190 | I52: (DV) Tạo sợi tả thực (NỮ) - GOLD | J52: 1 | N52: =IFERROR(__xludf.DUMMYFUNCTION("IF(E52="""","""",""0"" & REGEXREPLACE(REGEXREPLACE(E52&"""",""[^0-9]"",""""),""^0+"",""""))"),"0906967960") -> 0906967960
A53: HD028093 | B53: 46029.59 | C53: KH006394 | D53: Chị Phương Anh | E53: 0375221320 | F53: Nguyễn Sang | G53: 0 | H53: SP002860 | I53: (DV) Công nghệ Xóa Phi Kim - Xóa chân mày (trọn gói) | J53: 1 | N53: =IFERROR(__xludf.DUMMYFUNCTION("IF(E53="""","""",""0"" & REGEXREPLACE(REGEXREPLACE(E53&"""",""[^0-9]"",""""),""^0+"",""""))"),"0375221320") -> 0375221320
A54: HD028096 | B54: 46029.591 | C54: KH009069 | D54: Nguyễn Thuỵ Lan Thanh | E54: 0932223390 | F54: Nguyễn Sang | G54: 0 | H54: SP000558 | I54: (DV) GÓI TIẾT KIỆM - XÓA CHÂN MÀY TRỌN GÓI | J54: 1 | N54: =IFERROR(__xludf.DUMMYFUNCTION("IF(E54="""","""",""0"" & REGEXREPLACE(REGEXREPLACE(E54&"""",""[^0-9]"",""""),""^0+"",""""))"),"0932223390") -> 0932223390
A55: HD028097 | B55: 46029.604 | C55: KH008253 | D55: Trần Thị Hoa | E55: 0908891897 | F55: Nguyễn Sang | G55: 0 | H55: SP000558 | I55: (DV) GÓI TIẾT KIỆM - XÓA CHÂN MÀY TRỌN GÓI | J55: 1 | N55: =IFERROR(__xludf.DUMMYFUNCTION("IF(E55="""","""",""0"" & REGEXREPLACE(REGEXREPLACE(E55&"""",""[^0-9]"",""""),""^0+"",""""))"),"0908891897") -> 0908891897
A56: HD028103 | B56: 46029.625 | C56: KH006915 | D56: Chị Trang | E56: 0937141730 | F56: Nguyễn Sang | G56: 1490000 | H56: SP002859 | I56: (DV) Công nghệ CO2 Fractional - Tách thâm | J56: 1 | N56: =IFERROR(__xludf.DUMMYFUNCTION("IF(E56="""","""",""0"" & REGEXREPLACE(REGEXREPLACE(E56&"""",""[^0-9]"",""""),""^0+"",""""))"),"0937141730") -> 0937141730
A57: HD028104 | B57: 46029.668 | C57: KH008429 | D57: Chị Sương | E57: 0762518521 | F57: Thanh Trân | G57: 1760000 | H57: SP000011 | I57: (DV) Double bóc tách - GOLD | J57: 1 | N57: =IFERROR(__xludf.DUMMYFUNCTION("IF(E57="""","""",""0"" & REGEXREPLACE(REGEXREPLACE(E57&"""",""[^0-9]"",""""),""^0+"",""""))"),"0762518521") -> 0762518521
A58: HD028105 | B58: 46029.673 | C58: KH009070 | D58: Quỳnh Hương HV | E58: 0383976222 | F58: Lê Thị Ni Ni | G58: 8000000 | H58: SP000604 | I58: (DV) Học Phí Vic Academy | J58: 1 | N58: =IFERROR(__xludf.DUMMYFUNCTION("IF(E58="""","""",""0"" & REGEXREPLACE(REGEXREPLACE(E58&"""",""[^0-9]"",""""),""^0+"",""""))"),"0383976222") -> 0383976222
A59: HD028106 | B59: 46029.676 | C59: KH008363 | D59: Lý Thị Hồng Thơ | E59: 0985855936 | F59: Nguyễn Sang | G59: 0 | H59: SP000558 | I59: (DV) GÓI TIẾT KIỆM - XÓA CHÂN MÀY TRỌN GÓI | J59: 1 | N59: =IFERROR(__xludf.DUMMYFUNCTION("IF(E59="""","""",""0"" & REGEXREPLACE(REGEXREPLACE(E59&"""",""[^0-9]"",""""),""^0+"",""""))"),"0985855936") -> 0985855936
A60: HD028113 | B60: 46030.435 | C60: KH007721 | D60: cô Trần Thị Minh Châu | E60: 0909628929 | F60: Kim Thoa | G60: 3190000 | H60: SP000190 | I60: (DV) Tạo sợi tả thực (NỮ) - GOLD | J60: 1 | N60: =IFERROR(__xludf.DUMMYFUNCTION("IF(E60="""","""",""0"" & REGEXREPLACE(REGEXREPLACE(E60&"""",""[^0-9]"",""""),""^0+"",""""))"),"0909628929") -> 0909628929
A61: HD028115 | B61: 46030.497 | C61: KH008462 | D61: Võ Hồng Thi | E61: 0906696061 | F61: Thu Tiền | G61: 3825000 | H61: SP028169 | I61: (DV) Phun Mí Mở Tròng - PLATINUM | J61: 1 | N61: =IFERROR(__xludf.DUMMYFUNCTION("IF(E61="""","""",""0"" & REGEXREPLACE(REGEXREPLACE(E61&"""",""[^0-9]"",""""),""^0+"",""""))"),"0906696061") -> 0906696061
A62: HD028118 | B62: 46030.626 | C62: KH000860 | D62: Phạm Thị Hải | E62: 0902682676 | F62: Hồng Hạnh | G62: 1760000 | H62: SP000011 | I62: (DV) Double bóc tách - GOLD | J62: 1 | N62: =IFERROR(__xludf.DUMMYFUNCTION("IF(E62="""","""",""0"" & REGEXREPLACE(REGEXREPLACE(E62&"""",""[^0-9]"",""""),""^0+"",""""))"),"0902682676") -> 0902682676
A63: HD028126 | B63: 46030.713 | C63: KH008507 | D63: Chị Ngọc (bạn chị Anh Tú) | E63: 0913713981 | F63: Hường Cao Vic | G63: 1000000 | H63: SP028251 | I63: (DV) Xử lý nốt ruồi (combo) | J63: 1 | N63: =IFERROR(__xludf.DUMMYFUNCTION("IF(E63="""","""",""0"" & REGEXREPLACE(REGEXREPLACE(E63&"""",""[^0-9]"",""""),""^0+"",""""))"),"0913713981") -> 0913713981
A64: HD028137 | B64: 46031.606 | C64: KH009076 | D64: Kim (Thanh) | E64: 0404972655 | F64: Thanh Phương | G64: 8150000 | H64: SP028163 | I64: (DV) Phun Mí EYELINER - DIAMOND | J64: 1 | N64: =IFERROR(__xludf.DUMMYFUNCTION("IF(E64="""","""",""0"" & REGEXREPLACE(REGEXREPLACE(E64&"""",""[^0-9]"",""""),""^0+"",""""))"),"0404972655") -> 0404972655
A65: HD028138 | B65: 46031.61 | C65: KH009075 | D65: Trần Thị Thúy Di | E65: 0908914934 | F65: Thanh Hải | G65: 3000000 | H65: SP000190 | I65: (DV) Tạo sợi tả thực (NỮ) - GOLD | J65: 1 | N65: =IFERROR(__xludf.DUMMYFUNCTION("IF(E65="""","""",""0"" & REGEXREPLACE(REGEXREPLACE(E65&"""",""[^0-9]"",""""),""^0+"",""""))"),"0908914934") -> 0908914934
A66: HD028140 | B66: 46031.632 | C66: KH007836 | D66: Chị Như | E66: 0983577184 | F66: Nguyễn Sang | G66: 900000 | H66: SP000558 | I66: (DV) GÓI TIẾT KIỆM - XÓA CHÂN MÀY TRỌN GÓI | J66: 1 | N66: =IFERROR(__xludf.DUMMYFUNCTION("IF(E66="""","""",""0"" & REGEXREPLACE(REGEXREPLACE(E66&"""",""[^0-9]"",""""),""^0+"",""""))"),"0983577184") -> 0983577184
A67: HD028141 | B67: 46031.633 | C67: KH000835 | D67: Đinh Lan Hương | E67: 0932496583 | F67: Nguyễn Sang | G67: 0 | H67: SP000558 | I67: (DV) GÓI TIẾT KIỆM - XÓA CHÂN MÀY TRỌN GÓI | J67: 1 | N67: =IFERROR(__xludf.DUMMYFUNCTION("IF(E67="""","""",""0"" & REGEXREPLACE(REGEXREPLACE(E67&"""",""[^0-9]"",""""),""^0+"",""""))"),"0932496583") -> 0932496583
A68: HD028142 | B68: 46031.634 | C68: KH009077 | D68: Phạm Thái Ly | E68: 0778448889 | F68: Nguyễn Sang | G68: 1490000 | H68: SP002859 | I68: (DV) Công nghệ CO2 Fractional - Tách thâm | J68: 1 | N68: =IFERROR(__xludf.DUMMYFUNCTION("IF(E68="""","""",""0"" & REGEXREPLACE(REGEXREPLACE(E68&"""",""[^0-9]"",""""),""^0+"",""""))"),"0778448889") -> 0778448889
A69: HD028146 | B69: 46031.691 | C69: KH009079 | D69: Dương Thị Phương Mai | E69: 0818876776 | F69: Nguyễn Sang | G69: 900000 | H69: SP000558 | I69: (DV) GÓI TIẾT KIỆM - XÓA CHÂN MÀY TRỌN GÓI | J69: 1 | N69: =IFERROR(__xludf.DUMMYFUNCTION("IF(E69="""","""",""0"" & REGEXREPLACE(REGEXREPLACE(E69&"""",""[^0-9]"",""""),""^0+"",""""))"),"0818876776") -> 0818876776
A70: HD028147 | B70: 46031.747 | C70: KH009080 | D70: Nga | E70: 0901042781 | F70: Nguyễn Sang | G70: 900000 | H70: SP000558 | I70: (DV) GÓI TIẾT KIỆM - XÓA CHÂN MÀY TRỌN GÓI | J70: 1 | N70: =IFERROR(__xludf.DUMMYFUNCTION("IF(E70="""","""",""0"" & REGEXREPLACE(REGEXREPLACE(E70&"""",""[^0-9]"",""""),""^0+"",""""))"),"0901042781") -> 0901042781
A71: HD028150 | B71: 46032.471 | C71: KH008272 | D71: Trần Nguyễn Xuân Khoa | E71: 0335208434 | F71: Phương Trúc | G71: 1695000 | H71: SP028278 | I71: (DV) Gói quay lại dặm miễn phí - 24 tháng (50%) | J71: 1 | N71: =IFERROR(__xludf.DUMMYFUNCTION("IF(E71="""","""",""0"" & REGEXREPLACE(REGEXREPLACE(E71&"""",""[^0-9]"",""""),""^0+"",""""))"),"0335208434") -> 0335208434
A72: HD028151 | B72: 46032.501 | C72: KH008536 | D72: Nutthan Thavilyatitip | E72: 066645452546 | F72: Lê Thị Ni Ni | G72: 11070000 | H72: SP000604 | I72: (DV) Học Phí Vic Academy | J72: 1 | N72: =IFERROR(__xludf.DUMMYFUNCTION("IF(E72="""","""",""0"" & REGEXREPLACE(REGEXREPLACE(E72&"""",""[^0-9]"",""""),""^0+"",""""))"),"066645452546") -> 066645452546
A73: HD028152 | B73: 46032.502 | C73: KH008537 | D73: Nattapol Soisuwan | E73: 066876196656 | F73: Lê Thị Ni Ni | G73: 11070000 | H73: SP000604 | I73: (DV) Học Phí Vic Academy | J73: 1 | N73: =IFERROR(__xludf.DUMMYFUNCTION("IF(E73="""","""",""0"" & REGEXREPLACE(REGEXREPLACE(E73&"""",""[^0-9]"",""""),""^0+"",""""))"),"066876196656") -> 066876196656
A74: HD028153 | B74: 46032.503 | C74: KH008538 | D74: Sasithorn Chatmongkhonlap | E74: 066875568855 | F74: Lê Thị Ni Ni | G74: 11070000 | H74: SP000604 | I74: (DV) Học Phí Vic Academy | J74: 1 | N74: =IFERROR(__xludf.DUMMYFUNCTION("IF(E74="""","""",""0"" & REGEXREPLACE(REGEXREPLACE(E74&"""",""[^0-9]"",""""),""^0+"",""""))"),"066875568855") -> 066875568855
A75: HD028154 | B75: 46032.505 | C75: KH009081 | D75: Nguyễn Thị Thu Hằng | E75: 0909248150 | F75: Lê Thị Ni Ni | G75: 12300000 | H75: SP000604 | I75: (DV) Học Phí Vic Academy | J75: 1 | N75: =IFERROR(__xludf.DUMMYFUNCTION("IF(E75="""","""",""0"" & REGEXREPLACE(REGEXREPLACE(E75&"""",""[^0-9]"",""""),""^0+"",""""))"),"0909248150") -> 0909248150
A76: HD028155 | B76: 46032.509 | C76: KH008826 | D76: Tú Hoa | E76: 0947333608 | F76: Lê Thị Ni Ni | G76: 12300000 | H76: SP000604 | I76: (DV) Học Phí Vic Academy | J76: 1 | N76: =IFERROR(__xludf.DUMMYFUNCTION("IF(E76="""","""",""0"" & REGEXREPLACE(REGEXREPLACE(E76&"""",""[^0-9]"",""""),""^0+"",""""))"),"0947333608") -> 0947333608
A77: HD028156 | B77: 46032.582 | C77: KH009082 | D77: Huỳnh Thị Phượng | E77: 0398172910 | F77: Thanh Hải | G77: 2850000 | H77: SP000010 | I77: (DV) Khử thâm + Phun môi - GOLD | J77: 1 | N77: =IFERROR(__xludf.DUMMYFUNCTION("IF(E77="""","""",""0"" & REGEXREPLACE(REGEXREPLACE(E77&"""",""[^0-9]"",""""),""^0+"",""""))"),"0398172910") -> 0398172910
A78: HD028158 | B78: 46032.662 | C78: KH009084 | D78: Vân Windy | E78: 0966161869 | F78: Lê Thị Ni Ni | G78: 12300000 | H78: SP000604 | I78: (DV) Học Phí Vic Academy | J78: 1 | N78: =IFERROR(__xludf.DUMMYFUNCTION("IF(E78="""","""",""0"" & REGEXREPLACE(REGEXREPLACE(E78&"""",""[^0-9]"",""""),""^0+"",""""))"),"0966161869") -> 0966161869
A79: HD028159 | B79: 46032.667 | C79: KH008374 | D79: Trish Tran | E79: 0394951785 | F79: Lê Thị Ni Ni | G79: 12000000 | H79: SP000604 | I79: (DV) Học Phí Vic Academy | J79: 1 | N79: =IFERROR(__xludf.DUMMYFUNCTION("IF(E79="""","""",""0"" & REGEXREPLACE(REGEXREPLACE(E79&"""",""[^0-9]"",""""),""^0+"",""""))"),"0394951785") -> 0394951785
A80: HD028160 | B80: 46032.674 | C80: KH009085 | D80: Huế Chi | F80: Lê Thị Ni Ni | G80: 12300000 | H80: SP000604 | I80: (DV) Học Phí Vic Academy | J80: 1 | N80: =IFERROR(__xludf.DUMMYFUNCTION("IF(E80="""","""",""0"" & REGEXREPLACE(REGEXREPLACE(E80&"""",""[^0-9]"",""""),""^0+"",""""))"),"")
A81: HD028161 | B81: 46032.689 | C81: KH009086 | D81: Huỳnh Thị Trinh | E81: 0877109193 | F81: Lê Thị Ni Ni | G81: 12300000 | H81: SP000604 | I81: (DV) Học Phí Vic Academy | J81: 1 | N81: =IFERROR(__xludf.DUMMYFUNCTION("IF(E81="""","""",""0"" & REGEXREPLACE(REGEXREPLACE(E81&"""",""[^0-9]"",""""),""^0+"",""""))"),"0877109193") -> 0877109193
A82: HD028162 | B82: 46032.69 | C82: KH008160 | D82: chị Hương | E82: 0708811188 | F82: Nguyễn Sang | G82: 1300000 | H82: SP028154 | I82: (DV) PLASMA - XÓA CHÂN MÀY XANH LÁ | J82: 1 | N82: =IFERROR(__xludf.DUMMYFUNCTION("IF(E82="""","""",""0"" & REGEXREPLACE(REGEXREPLACE(E82&"""",""[^0-9]"",""""),""^0+"",""""))"),"0708811188") -> 0708811188
A83: HD028163 | B83: 46032.694 | C83: KH001720 | D83: Nguyễn Ngọc Tường Vy | E83: 0938350117 | F83: Nguyễn Sang | G83: 900000 | H83: SP000558 | I83: (DV) GÓI TIẾT KIỆM - XÓA CHÂN MÀY TRỌN GÓI | J83: 1 | N83: =IFERROR(__xludf.DUMMYFUNCTION("IF(E83="""","""",""0"" & REGEXREPLACE(REGEXREPLACE(E83&"""",""[^0-9]"",""""),""^0+"",""""))"),"0938350117") -> 0938350117
A84: HD028164 | B84: 46032.696 | C84: KH008793 | D84: LouBi Bảo | E84: 0334165886 | F84: Lê Thị Ni Ni | G84: 12300000 | H84: SP000604 | I84: (DV) Học Phí Vic Academy | J84: 1 | N84: =IFERROR(__xludf.DUMMYFUNCTION("IF(E84="""","""",""0"" & REGEXREPLACE(REGEXREPLACE(E84&"""",""[^0-9]"",""""),""^0+"",""""))"),"0334165886") -> 0334165886
A85: HD028165 | B85: 46032.697 | C85: KH008962 | D85: Kim Thoa | E85: 0907272653 | F85: Lê Thị Ni Ni | G85: 12300000 | H85: SP000604 | I85: (DV) Học Phí Vic Academy | J85: 1 | N85: =IFERROR(__xludf.DUMMYFUNCTION("IF(E85="""","""",""0"" & REGEXREPLACE(REGEXREPLACE(E85&"""",""[^0-9]"",""""),""^0+"",""""))"),"0907272653") -> 0907272653
A86: HD028166 | B86: 46032.699 | C86: KH008967 | D86: Trương Hà My | E86: 932640902 | F86: Lê Thị Ni Ni | G86: 12300000 | H86: SP000604 | I86: (DV) Học Phí Vic Academy | J86: 1 | N86: =IFERROR(__xludf.DUMMYFUNCTION("IF(E86="""","""",""0"" & REGEXREPLACE(REGEXREPLACE(E86&"""",""[^0-9]"",""""),""^0+"",""""))"),"0932640902") -> 0932640902
A87: HD028167 | B87: 46032.701 | C87: KH001720 | D87: Nguyễn Ngọc Tường Vy | E87: 0938350117 | F87: Nguyễn Sang | G87: 1490000 | H87: SP002859 | I87: (DV) Công nghệ CO2 Fractional - Tách thâm | J87: 1 | N87: =IFERROR(__xludf.DUMMYFUNCTION("IF(E87="""","""",""0"" & REGEXREPLACE(REGEXREPLACE(E87&"""",""[^0-9]"",""""),""^0+"",""""))"),"0938350117") -> 0938350117
A88: HD028168 | B88: 46032.702 | C88: KH009087 | D88: Mỹ Anh | E88: 0702554141 | F88: Lê Thị Ni Ni | G88: 12300000 | H88: SP000604 | I88: (DV) Học Phí Vic Academy | J88: 1 | N88: =IFERROR(__xludf.DUMMYFUNCTION("IF(E88="""","""",""0"" & REGEXREPLACE(REGEXREPLACE(E88&"""",""[^0-9]"",""""),""^0+"",""""))"),"0702554141") -> 0702554141
A89: HD028169 | B89: 46032.704 | C89: KH009088 | D89: Ngô Thị Trúc Hường | E89: 0987052041 | F89: Lê Thị Ni Ni | G89: 12300000 | H89: SP000604 | I89: (DV) Học Phí Vic Academy | J89: 1 | N89: =IFERROR(__xludf.DUMMYFUNCTION("IF(E89="""","""",""0"" & REGEXREPLACE(REGEXREPLACE(E89&"""",""[^0-9]"",""""),""^0+"",""""))"),"0987052041") -> 0987052041
A90: HD028170 | B90: 46032.706 | C90: KH001259 | D90: Chị Hoàng Anh | E90: 0789879696 | F90: Lê Thị Ni Ni | G90: 9800000 | H90: SP000604 | I90: (DV) Học Phí Vic Academy | J90: 1 | N90: =IFERROR(__xludf.DUMMYFUNCTION("IF(E90="""","""",""0"" & REGEXREPLACE(REGEXREPLACE(E90&"""",""[^0-9]"",""""),""^0+"",""""))"),"0789879696") -> 0789879696
A91: HD028171 | B91: 46032.708 | C91: KH009089 | D91: Jang Yoo Jin | E91: 0821067858689 | F91: Lê Thị Ni Ni | G91: 12300000 | H91: SP000604 | I91: (DV) Học Phí Vic Academy | J91: 1 | N91: =IFERROR(__xludf.DUMMYFUNCTION("IF(E91="""","""",""0"" & REGEXREPLACE(REGEXREPLACE(E91&"""",""[^0-9]"",""""),""^0+"",""""))"),"0821067858689") -> 0821067858689
A92: HD028172 | B92: 46032.711 | C92: KH007386 | D92: Chị Quỳnh | E92: 0765938718 | F92: Lê Thị Ni Ni | G92: 12300000 | H92: SP000604 | I92: (DV) Học Phí Vic Academy | J92: 1 | N92: =IFERROR(__xludf.DUMMYFUNCTION("IF(E92="""","""",""0"" & REGEXREPLACE(REGEXREPLACE(E92&"""",""[^0-9]"",""""),""^0+"",""""))"),"0765938718") -> 0765938718
A93: HD028176 | B93: 46032.722 | C93: KH008483 | D93: Lê Thị Thanh Nga | E93: 0985363637 | F93: Thanh Trân | G93: 1581000 | H93: SP000011 | I93: (DV) Double bóc tách - GOLD | J93: 1 | N93: =IFERROR(__xludf.DUMMYFUNCTION("IF(E93="""","""",""0"" & REGEXREPLACE(REGEXREPLACE(E93&"""",""[^0-9]"",""""),""^0+"",""""))"),"0985363637") -> 0985363637
A94: HD028177 | B94: 46032.724 | C94: KH008357 | D94: Chị Nhanh | E94: 0909187333 | F94: Hồng Hạnh | G94: 2600000 | H94: SP000190 | I94: (DV) Tạo sợi tả thực (NỮ) - GOLD | J94: 1 | N94: =IFERROR(__xludf.DUMMYFUNCTION("IF(E94="""","""",""0"" & REGEXREPLACE(REGEXREPLACE(E94&"""",""[^0-9]"",""""),""^0+"",""""))"),"0909187333") -> 0909187333
A95: HD028178 | B95: 46032.741 | C95: KH008473 | D95: Nguyễn Phương Trinh | E95: 0943291159 | F95: Yến Nhi | G95: 5260000 | H95: SP0000197 | I95: (DV) Double bóc tách - PLATINUM | J95: 1 | N95: =IFERROR(__xludf.DUMMYFUNCTION("IF(E95="""","""",""0"" & REGEXREPLACE(REGEXREPLACE(E95&"""",""[^0-9]"",""""),""^0+"",""""))"),"0943291159") -> 0943291159
A96: HD028179 | B96: 46032.743 | C96: KH008357 | D96: Chị Nhanh | E96: 0909187333 | F96: Hồng Hạnh | G96: 1760000 | H96: SP000011 | I96: (DV) Double bóc tách - GOLD | J96: 1 | N96: =IFERROR(__xludf.DUMMYFUNCTION("IF(E96="""","""",""0"" & REGEXREPLACE(REGEXREPLACE(E96&"""",""[^0-9]"",""""),""^0+"",""""))"),"0909187333") -> 0909187333
A97: HD028180 | B97: 46032.744 | C97: KH009091 | D97: Phương Nhung | E97: 0938099844 | F97: Nguyễn Sang | G97: 0 | H97: SP000558 | I97: (DV) GÓI TIẾT KIỆM - XÓA CHÂN MÀY TRỌN GÓI | J97: 1 | N97: =IFERROR(__xludf.DUMMYFUNCTION("IF(E97="""","""",""0"" & REGEXREPLACE(REGEXREPLACE(E97&"""",""[^0-9]"",""""),""^0+"",""""))"),"0938099844") -> 0938099844
A98: HD028182 | B98: 46032.757 | C98: KH009083 | D98: Hoàng Hà | E98: 0855704110 | F98: Thanh Phương | G98: 6750000 | H98: SP000008 | I98: (DV) Tạo sợi tả thực [NỮ] - GIẢNG VIÊN | J98: 1 | N98: =IFERROR(__xludf.DUMMYFUNCTION("IF(E98="""","""",""0"" & REGEXREPLACE(REGEXREPLACE(E98&"""",""[^0-9]"",""""),""^0+"",""""))"),"0855704110") -> 0855704110
A99: HD028184 | B99: 46032.771 | C99: KH005632 | D99: Chị Hồng | E99: 0909317790 | F99: Nguyên Ngọc | G99: 1439000 | H99: SP000011 | I99: (DV) Double bóc tách - GOLD | J99: 1 | N99: =IFERROR(__xludf.DUMMYFUNCTION("IF(E99="""","""",""0"" & REGEXREPLACE(REGEXREPLACE(E99&"""",""[^0-9]"",""""),""^0+"",""""))"),"0909317790") -> 0909317790
A100: HD028185 | B100: 46032.774 | C100: KH009094 | D100: Băng Trúc | E100: 0918246026 | F100: Khánh Linh | G100: 6750000 | H100: SP000008 | I100: (DV) Tạo sợi tả thực [NỮ] - GIẢNG VIÊN | J100: 1 | N100: =IFERROR(__xludf.DUMMYFUNCTION("IF(E100="""","""",""0"" & REGEXREPLACE(REGEXREPLACE(E100&"""",""[^0-9]"",""""),""^0+"",""""))"),"0918246026") -> 0918246026
...

Sheet Đặng Đông
A1: Ngày Lead | B1: Mã vùng | C1: Số ĐT | D1: Tên khách hàng | E1: SĐT Cuối (AUTO) | F1: LOẠI TIN NHẮN | G1: NHÓM SP | H1: NGUỒN | I1: QUAN TÂM | J1: TÌNH TRẠNG | K1: NGÀY HẸN | L1: CHATPAGE (AUTO)
A2: 46023 | B2: =84 -> 84 | C2: 389557477 | D2: A | E2: =IFERROR(__xludf.DUMMYFUNCTION("IF(C2="""","""",""0"" & REGEXREPLACE(REGEXREPLACE(C2&"""",""[^0-9]"",""""),""^0+"",""""))"),"0389557477") -> 0389557477 | F2: TỰ NHIÊN | G2: DỊCH VỤ | H2: Fanpage PXV | I2: Xoá mày | J2: Nhắn Qua Zalo | K2: 46055 | L2: =IF(A2="","","Đặng Đông") -> Đặng Đông
E3: =IFERROR(__xludf.DUMMYFUNCTION("IF(C3="""","""",""0"" & REGEXREPLACE(REGEXREPLACE(C3&"""",""[^0-9]"",""""),""^0+"",""""))"),"") | L3: =IF(A3="","","Đặng Đông")
E4: =IFERROR(__xludf.DUMMYFUNCTION("IF(C4="""","""",""0"" & REGEXREPLACE(REGEXREPLACE(C4&"""",""[^0-9]"",""""),""^0+"",""""))"),"") | L4: =IF(A4="","","Đặng Đông")
E5: =IFERROR(__xludf.DUMMYFUNCTION("IF(C5="""","""",""0"" & REGEXREPLACE(REGEXREPLACE(C5&"""",""[^0-9]"",""""),""^0+"",""""))"),"") | L5: =IF(A5="","","Đặng Đông")
E6: =IFERROR(__xludf.DUMMYFUNCTION("IF(C6="""","""",""0"" & REGEXREPLACE(REGEXREPLACE(C6&"""",""[^0-9]"",""""),""^0+"",""""))"),"") | L6: =IF(A6="","","Đặng Đông")
E7: =IFERROR(__xludf.DUMMYFUNCTION("IF(C7="""","""",""0"" & REGEXREPLACE(REGEXREPLACE(C7&"""",""[^0-9]"",""""),""^0+"",""""))"),"") | L7: =IF(A7="","","Đặng Đông")
E8: =IFERROR(__xludf.DUMMYFUNCTION("IF(C8="""","""",""0"" & REGEXREPLACE(REGEXREPLACE(C8&"""",""[^0-9]"",""""),""^0+"",""""))"),"") | L8: =IF(A8="","","Đặng Đông")
E9: =IFERROR(__xludf.DUMMYFUNCTION("IF(C9="""","""",""0"" & REGEXREPLACE(REGEXREPLACE(C9&"""",""[^0-9]"",""""),""^0+"",""""))"),"") | L9: =IF(A9="","","Đặng Đông")
E10: =IFERROR(__xludf.DUMMYFUNCTION("IF(C10="""","""",""0"" & REGEXREPLACE(REGEXREPLACE(C10&"""",""[^0-9]"",""""),""^0+"",""""))"),"") | L10: =IF(A10="","","Đặng Đông")
E11: =IFERROR(__xludf.DUMMYFUNCTION("IF(C11="""","""",""0"" & REGEXREPLACE(REGEXREPLACE(C11&"""",""[^0-9]"",""""),""^0+"",""""))"),"") | L11: =IF(A11="","","Đặng Đông")
E12: =IFERROR(__xludf.DUMMYFUNCTION("IF(C12="""","""",""0"" & REGEXREPLACE(REGEXREPLACE(C12&"""",""[^0-9]"",""""),""^0+"",""""))"),"") | L12: =IF(A12="","","Đặng Đông")
E13: =IFERROR(__xludf.DUMMYFUNCTION("IF(C13="""","""",""0"" & REGEXREPLACE(REGEXREPLACE(C13&"""",""[^0-9]"",""""),""^0+"",""""))"),"") | L13: =IF(A13="","","Đặng Đông")
E14: =IFERROR(__xludf.DUMMYFUNCTION("IF(C14="""","""",""0"" & REGEXREPLACE(REGEXREPLACE(C14&"""",""[^0-9]"",""""),""^0+"",""""))"),"") | L14: =IF(A14="","","Đặng Đông")
E15: =IFERROR(__xludf.DUMMYFUNCTION("IF(C15="""","""",""0"" & REGEXREPLACE(REGEXREPLACE(C15&"""",""[^0-9]"",""""),""^0+"",""""))"),"") | L15: =IF(A15="","","Đặng Đông")
E16: =IFERROR(__xludf.DUMMYFUNCTION("IF(C16="""","""",""0"" & REGEXREPLACE(REGEXREPLACE(C16&"""",""[^0-9]"",""""),""^0+"",""""))"),"") | L16: =IF(A16="","","Đặng Đông")
E17: =IFERROR(__xludf.DUMMYFUNCTION("IF(C17="""","""",""0"" & REGEXREPLACE(REGEXREPLACE(C17&"""",""[^0-9]"",""""),""^0+"",""""))"),"") | L17: =IF(A17="","","Đặng Đông")
E18: =IFERROR(__xludf.DUMMYFUNCTION("IF(C18="""","""",""0"" & REGEXREPLACE(REGEXREPLACE(C18&"""",""[^0-9]"",""""),""^0+"",""""))"),"") | L18: =IF(A18="","","Đặng Đông")
E19: =IFERROR(__xludf.DUMMYFUNCTION("IF(C19="""","""",""0"" & REGEXREPLACE(REGEXREPLACE(C19&"""",""[^0-9]"",""""),""^0+"",""""))"),"") | L19: =IF(A19="","","Đặng Đông")
E20: =IFERROR(__xludf.DUMMYFUNCTION("IF(C20="""","""",""0"" & REGEXREPLACE(REGEXREPLACE(C20&"""",""[^0-9]"",""""),""^0+"",""""))"),"") | L20: =IF(A20="","","Đặng Đông")
E21: =IFERROR(__xludf.DUMMYFUNCTION("IF(C21="""","""",""0"" & REGEXREPLACE(REGEXREPLACE(C21&"""",""[^0-9]"",""""),""^0+"",""""))"),"") | L21: =IF(A21="","","Đặng Đông")
E22: =IFERROR(__xludf.DUMMYFUNCTION("IF(C22="""","""",""0"" & REGEXREPLACE(REGEXREPLACE(C22&"""",""[^0-9]"",""""),""^0+"",""""))"),"") | L22: =IF(A22="","","Đặng Đông")
E23: =IFERROR(__xludf.DUMMYFUNCTION("IF(C23="""","""",""0"" & REGEXREPLACE(REGEXREPLACE(C23&"""",""[^0-9]"",""""),""^0+"",""""))"),"") | L23: =IF(A23="","","Đặng Đông")
E24: =IFERROR(__xludf.DUMMYFUNCTION("IF(C24="""","""",""0"" & REGEXREPLACE(REGEXREPLACE(C24&"""",""[^0-9]"",""""),""^0+"",""""))"),"") | L24: =IF(A24="","","Đặng Đông")
E25: =IFERROR(__xludf.DUMMYFUNCTION("IF(C25="""","""",""0"" & REGEXREPLACE(REGEXREPLACE(C25&"""",""[^0-9]"",""""),""^0+"",""""))"),"") | L25: =IF(A25="","","Đặng Đông")
E26: =IFERROR(__xludf.DUMMYFUNCTION("IF(C26="""","""",""0"" & REGEXREPLACE(REGEXREPLACE(C26&"""",""[^0-9]"",""""),""^0+"",""""))"),"") | L26: =IF(A26="","","Đặng Đông")
E27: =IFERROR(__xludf.DUMMYFUNCTION("IF(C27="""","""",""0"" & REGEXREPLACE(REGEXREPLACE(C27&"""",""[^0-9]"",""""),""^0+"",""""))"),"") | L27: =IF(A27="","","Đặng Đông")
E28: =IFERROR(__xludf.DUMMYFUNCTION("IF(C28="""","""",""0"" & REGEXREPLACE(REGEXREPLACE(C28&"""",""[^0-9]"",""""),""^0+"",""""))"),"") | L28: =IF(A28="","","Đặng Đông")
E29: =IFERROR(__xludf.DUMMYFUNCTION("IF(C29="""","""",""0"" & REGEXREPLACE(REGEXREPLACE(C29&"""",""[^0-9]"",""""),""^0+"",""""))"),"") | L29: =IF(A29="","","Đặng Đông")
E30: =IFERROR(__xludf.DUMMYFUNCTION("IF(C30="""","""",""0"" & REGEXREPLACE(REGEXREPLACE(C30&"""",""[^0-9]"",""""),""^0+"",""""))"),"") | L30: =IF(A30="","","Đặng Đông")
E31: =IFERROR(__xludf.DUMMYFUNCTION("IF(C31="""","""",""0"" & REGEXREPLACE(REGEXREPLACE(C31&"""",""[^0-9]"",""""),""^0+"",""""))"),"") | L31: =IF(A31="","","Đặng Đông")
E32: =IFERROR(__xludf.DUMMYFUNCTION("IF(C32="""","""",""0"" & REGEXREPLACE(REGEXREPLACE(C32&"""",""[^0-9]"",""""),""^0+"",""""))"),"") | L32: =IF(A32="","","Đặng Đông")
E33: =IFERROR(__xludf.DUMMYFUNCTION("IF(C33="""","""",""0"" & REGEXREPLACE(REGEXREPLACE(C33&"""",""[^0-9]"",""""),""^0+"",""""))"),"") | L33: =IF(A33="","","Đặng Đông")
E34: =IFERROR(__xludf.DUMMYFUNCTION("IF(C34="""","""",""0"" & REGEXREPLACE(REGEXREPLACE(C34&"""",""[^0-9]"",""""),""^0+"",""""))"),"") | L34: =IF(A34="","","Đặng Đông")
E35: =IFERROR(__xludf.DUMMYFUNCTION("IF(C35="""","""",""0"" & REGEXREPLACE(REGEXREPLACE(C35&"""",""[^0-9]"",""""),""^0+"",""""))"),"") | L35: =IF(A35="","","Đặng Đông")
E36: =IFERROR(__xludf.DUMMYFUNCTION("IF(C36="""","""",""0"" & REGEXREPLACE(REGEXREPLACE(C36&"""",""[^0-9]"",""""),""^0+"",""""))"),"") | L36: =IF(A36="","","Đặng Đông")
E37: =IFERROR(__xludf.DUMMYFUNCTION("IF(C37="""","""",""0"" & REGEXREPLACE(REGEXREPLACE(C37&"""",""[^0-9]"",""""),""^0+"",""""))"),"") | L37: =IF(A37="","","Đặng Đông")
E38: =IFERROR(__xludf.DUMMYFUNCTION("IF(C38="""","""",""0"" & REGEXREPLACE(REGEXREPLACE(C38&"""",""[^0-9]"",""""),""^0+"",""""))"),"") | L38: =IF(A38="","","Đặng Đông")
E39: =IFERROR(__xludf.DUMMYFUNCTION("IF(C39="""","""",""0"" & REGEXREPLACE(REGEXREPLACE(C39&"""",""[^0-9]"",""""),""^0+"",""""))"),"") | L39: =IF(A39="","","Đặng Đông")
E40: =IFERROR(__xludf.DUMMYFUNCTION("IF(C40="""","""",""0"" & REGEXREPLACE(REGEXREPLACE(C40&"""",""[^0-9]"",""""),""^0+"",""""))"),"") | L40: =IF(A40="","","Đặng Đông")
E41: =IFERROR(__xludf.DUMMYFUNCTION("IF(C41="""","""",""0"" & REGEXREPLACE(REGEXREPLACE(C41&"""",""[^0-9]"",""""),""^0+"",""""))"),"") | L41: =IF(A41="","","Đặng Đông")
E42: =IFERROR(__xludf.DUMMYFUNCTION("IF(C42="""","""",""0"" & REGEXREPLACE(REGEXREPLACE(C42&"""",""[^0-9]"",""""),""^0+"",""""))"),"") | L42: =IF(A42="","","Đặng Đông")
E43: =IFERROR(__xludf.DUMMYFUNCTION("IF(C43="""","""",""0"" & REGEXREPLACE(REGEXREPLACE(C43&"""",""[^0-9]"",""""),""^0+"",""""))"),"") | L43: =IF(A43="","","Đặng Đông")
E44: =IFERROR(__xludf.DUMMYFUNCTION("IF(C44="""","""",""0"" & REGEXREPLACE(REGEXREPLACE(C44&"""",""[^0-9]"",""""),""^0+"",""""))"),"") | L44: =IF(A44="","","Đặng Đông")
E45: =IFERROR(__xludf.DUMMYFUNCTION("IF(C45="""","""",""0"" & REGEXREPLACE(REGEXREPLACE(C45&"""",""[^0-9]"",""""),""^0+"",""""))"),"") | L45: =IF(A45="","","Đặng Đông")
E46: =IFERROR(__xludf.DUMMYFUNCTION("IF(C46="""","""",""0"" & REGEXREPLACE(REGEXREPLACE(C46&"""",""[^0-9]"",""""),""^0+"",""""))"),"") | L46: =IF(A46="","","Đặng Đông")
E47: =IFERROR(__xludf.DUMMYFUNCTION("IF(C47="""","""",""0"" & REGEXREPLACE(REGEXREPLACE(C47&"""",""[^0-9]"",""""),""^0+"",""""))"),"") | L47: =IF(A47="","","Đặng Đông")
E48: =IFERROR(__xludf.DUMMYFUNCTION("IF(C48="""","""",""0"" & REGEXREPLACE(REGEXREPLACE(C48&"""",""[^0-9]"",""""),""^0+"",""""))"),"") | L48: =IF(A48="","","Đặng Đông")
E49: =IFERROR(__xludf.DUMMYFUNCTION("IF(C49="""","""",""0"" & REGEXREPLACE(REGEXREPLACE(C49&"""",""[^0-9]"",""""),""^0+"",""""))"),"") | L49: =IF(A49="","","Đặng Đông")
E50: =IFERROR(__xludf.DUMMYFUNCTION("IF(C50="""","""",""0"" & REGEXREPLACE(REGEXREPLACE(C50&"""",""[^0-9]"",""""),""^0+"",""""))"),"") | L50: =IF(A50="","","Đặng Đông")
E51: =IFERROR(__xludf.DUMMYFUNCTION("IF(C51="""","""",""0"" & REGEXREPLACE(REGEXREPLACE(C51&"""",""[^0-9]"",""""),""^0+"",""""))"),"") | L51: =IF(A51="","","Đặng Đông")
E52: =IFERROR(__xludf.DUMMYFUNCTION("IF(C52="""","""",""0"" & REGEXREPLACE(REGEXREPLACE(C52&"""",""[^0-9]"",""""),""^0+"",""""))"),"") | L52: =IF(A52="","","Đặng Đông")
E53: =IFERROR(__xludf.DUMMYFUNCTION("IF(C53="""","""",""0"" & REGEXREPLACE(REGEXREPLACE(C53&"""",""[^0-9]"",""""),""^0+"",""""))"),"") | L53: =IF(A53="","","Đặng Đông")
E54: =IFERROR(__xludf.DUMMYFUNCTION("IF(C54="""","""",""0"" & REGEXREPLACE(REGEXREPLACE(C54&"""",""[^0-9]"",""""),""^0+"",""""))"),"") | L54: =IF(A54="","","Đặng Đông")
E55: =IFERROR(__xludf.DUMMYFUNCTION("IF(C55="""","""",""0"" & REGEXREPLACE(REGEXREPLACE(C55&"""",""[^0-9]"",""""),""^0+"",""""))"),"") | L55: =IF(A55="","","Đặng Đông")
E56: =IFERROR(__xludf.DUMMYFUNCTION("IF(C56="""","""",""0"" & REGEXREPLACE(REGEXREPLACE(C56&"""",""[^0-9]"",""""),""^0+"",""""))"),"") | L56: =IF(A56="","","Đặng Đông")
E57: =IFERROR(__xludf.DUMMYFUNCTION("IF(C57="""","""",""0"" & REGEXREPLACE(REGEXREPLACE(C57&"""",""[^0-9]"",""""),""^0+"",""""))"),"") | L57: =IF(A57="","","Đặng Đông")
E58: =IFERROR(__xludf.DUMMYFUNCTION("IF(C58="""","""",""0"" & REGEXREPLACE(REGEXREPLACE(C58&"""",""[^0-9]"",""""),""^0+"",""""))"),"") | L58: =IF(A58="","","Đặng Đông")
E59: =IFERROR(__xludf.DUMMYFUNCTION("IF(C59="""","""",""0"" & REGEXREPLACE(REGEXREPLACE(C59&"""",""[^0-9]"",""""),""^0+"",""""))"),"") | L59: =IF(A59="","","Đặng Đông")
E60: =IFERROR(__xludf.DUMMYFUNCTION("IF(C60="""","""",""0"" & REGEXREPLACE(REGEXREPLACE(C60&"""",""[^0-9]"",""""),""^0+"",""""))"),"") | L60: =IF(A60="","","Đặng Đông")
E61: =IFERROR(__xludf.DUMMYFUNCTION("IF(C61="""","""",""0"" & REGEXREPLACE(REGEXREPLACE(C61&"""",""[^0-9]"",""""),""^0+"",""""))"),"") | L61: =IF(A61="","","Đặng Đông")
E62: =IFERROR(__xludf.DUMMYFUNCTION("IF(C62="""","""",""0"" & REGEXREPLACE(REGEXREPLACE(C62&"""",""[^0-9]"",""""),""^0+"",""""))"),"") | L62: =IF(A62="","","Đặng Đông")
E63: =IFERROR(__xludf.DUMMYFUNCTION("IF(C63="""","""",""0"" & REGEXREPLACE(REGEXREPLACE(C63&"""",""[^0-9]"",""""),""^0+"",""""))"),"") | L63: =IF(A63="","","Đặng Đông")
E64: =IFERROR(__xludf.DUMMYFUNCTION("IF(C64="""","""",""0"" & REGEXREPLACE(REGEXREPLACE(C64&"""",""[^0-9]"",""""),""^0+"",""""))"),"") | L64: =IF(A64="","","Đặng Đông")
E65: =IFERROR(__xludf.DUMMYFUNCTION("IF(C65="""","""",""0"" & REGEXREPLACE(REGEXREPLACE(C65&"""",""[^0-9]"",""""),""^0+"",""""))"),"") | L65: =IF(A65="","","Đặng Đông")
E66: =IFERROR(__xludf.DUMMYFUNCTION("IF(C66="""","""",""0"" & REGEXREPLACE(REGEXREPLACE(C66&"""",""[^0-9]"",""""),""^0+"",""""))"),"") | L66: =IF(A66="","","Đặng Đông")
E67: =IFERROR(__xludf.DUMMYFUNCTION("IF(C67="""","""",""0"" & REGEXREPLACE(REGEXREPLACE(C67&"""",""[^0-9]"",""""),""^0+"",""""))"),"") | L67: =IF(A67="","","Đặng Đông")
E68: =IFERROR(__xludf.DUMMYFUNCTION("IF(C68="""","""",""0"" & REGEXREPLACE(REGEXREPLACE(C68&"""",""[^0-9]"",""""),""^0+"",""""))"),"") | L68: =IF(A68="","","Đặng Đông")
E69: =IFERROR(__xludf.DUMMYFUNCTION("IF(C69="""","""",""0"" & REGEXREPLACE(REGEXREPLACE(C69&"""",""[^0-9]"",""""),""^0+"",""""))"),"") | L69: =IF(A69="","","Đặng Đông")
E70: =IFERROR(__xludf.DUMMYFUNCTION("IF(C70="""","""",""0"" & REGEXREPLACE(REGEXREPLACE(C70&"""",""[^0-9]"",""""),""^0+"",""""))"),"") | L70: =IF(A70="","","Đặng Đông")
E71: =IFERROR(__xludf.DUMMYFUNCTION("IF(C71="""","""",""0"" & REGEXREPLACE(REGEXREPLACE(C71&"""",""[^0-9]"",""""),""^0+"",""""))"),"") | L71: =IF(A71="","","Đặng Đông")
E72: =IFERROR(__xludf.DUMMYFUNCTION("IF(C72="""","""",""0"" & REGEXREPLACE(REGEXREPLACE(C72&"""",""[^0-9]"",""""),""^0+"",""""))"),"") | L72: =IF(A72="","","Đặng Đông")
E73: =IFERROR(__xludf.DUMMYFUNCTION("IF(C73="""","""",""0"" & REGEXREPLACE(REGEXREPLACE(C73&"""",""[^0-9]"",""""),""^0+"",""""))"),"") | L73: =IF(A73="","","Đặng Đông")
E74: =IFERROR(__xludf.DUMMYFUNCTION("IF(C74="""","""",""0"" & REGEXREPLACE(REGEXREPLACE(C74&"""",""[^0-9]"",""""),""^0+"",""""))"),"") | L74: =IF(A74="","","Đặng Đông")
E75: =IFERROR(__xludf.DUMMYFUNCTION("IF(C75="""","""",""0"" & REGEXREPLACE(REGEXREPLACE(C75&"""",""[^0-9]"",""""),""^0+"",""""))"),"") | L75: =IF(A75="","","Đặng Đông")
E76: =IFERROR(__xludf.DUMMYFUNCTION("IF(C76="""","""",""0"" & REGEXREPLACE(REGEXREPLACE(C76&"""",""[^0-9]"",""""),""^0+"",""""))"),"") | L76: =IF(A76="","","Đặng Đông")
E77: =IFERROR(__xludf.DUMMYFUNCTION("IF(C77="""","""",""0"" & REGEXREPLACE(REGEXREPLACE(C77&"""",""[^0-9]"",""""),""^0+"",""""))"),"") | L77: =IF(A77="","","Đặng Đông")
E78: =IFERROR(__xludf.DUMMYFUNCTION("IF(C78="""","""",""0"" & REGEXREPLACE(REGEXREPLACE(C78&"""",""[^0-9]"",""""),""^0+"",""""))"),"") | L78: =IF(A78="","","Đặng Đông")
E79: =IFERROR(__xludf.DUMMYFUNCTION("IF(C79="""","""",""0"" & REGEXREPLACE(REGEXREPLACE(C79&"""",""[^0-9]"",""""),""^0+"",""""))"),"") | L79: =IF(A79="","","Đặng Đông")
E80: =IFERROR(__xludf.DUMMYFUNCTION("IF(C80="""","""",""0"" & REGEXREPLACE(REGEXREPLACE(C80&"""",""[^0-9]"",""""),""^0+"",""""))"),"") | L80: =IF(A80="","","Đặng Đông")
E81: =IFERROR(__xludf.DUMMYFUNCTION("IF(C81="""","""",""0"" & REGEXREPLACE(REGEXREPLACE(C81&"""",""[^0-9]"",""""),""^0+"",""""))"),"") | L81: =IF(A81="","","Đặng Đông")
E82: =IFERROR(__xludf.DUMMYFUNCTION("IF(C82="""","""",""0"" & REGEXREPLACE(REGEXREPLACE(C82&"""",""[^0-9]"",""""),""^0+"",""""))"),"") | L82: =IF(A82="","","Đặng Đông")
E83: =IFERROR(__xludf.DUMMYFUNCTION("IF(C83="""","""",""0"" & REGEXREPLACE(REGEXREPLACE(C83&"""",""[^0-9]"",""""),""^0+"",""""))"),"") | L83: =IF(A83="","","Đặng Đông")
E84: =IFERROR(__xludf.DUMMYFUNCTION("IF(C84="""","""",""0"" & REGEXREPLACE(REGEXREPLACE(C84&"""",""[^0-9]"",""""),""^0+"",""""))"),"") | L84: =IF(A84="","","Đặng Đông")
E85: =IFERROR(__xludf.DUMMYFUNCTION("IF(C85="""","""",""0"" & REGEXREPLACE(REGEXREPLACE(C85&"""",""[^0-9]"",""""),""^0+"",""""))"),"") | L85: =IF(A85="","","Đặng Đông")
E86: =IFERROR(__xludf.DUMMYFUNCTION("IF(C86="""","""",""0"" & REGEXREPLACE(REGEXREPLACE(C86&"""",""[^0-9]"",""""),""^0+"",""""))"),"") | L86: =IF(A86="","","Đặng Đông")
E87: =IFERROR(__xludf.DUMMYFUNCTION("IF(C87="""","""",""0"" & REGEXREPLACE(REGEXREPLACE(C87&"""",""[^0-9]"",""""),""^0+"",""""))"),"") | L87: =IF(A87="","","Đặng Đông")
E88: =IFERROR(__xludf.DUMMYFUNCTION("IF(C88="""","""",""0"" & REGEXREPLACE(REGEXREPLACE(C88&"""",""[^0-9]"",""""),""^0+"",""""))"),"") | L88: =IF(A88="","","Đặng Đông")
E89: =IFERROR(__xludf.DUMMYFUNCTION("IF(C89="""","""",""0"" & REGEXREPLACE(REGEXREPLACE(C89&"""",""[^0-9]"",""""),""^0+"",""""))"),"") | L89: =IF(A89="","","Đặng Đông")
E90: =IFERROR(__xludf.DUMMYFUNCTION("IF(C90="""","""",""0"" & REGEXREPLACE(REGEXREPLACE(C90&"""",""[^0-9]"",""""),""^0+"",""""))"),"") | L90: =IF(A90="","","Đặng Đông")
E91: =IFERROR(__xludf.DUMMYFUNCTION("IF(C91="""","""",""0"" & REGEXREPLACE(REGEXREPLACE(C91&"""",""[^0-9]"",""""),""^0+"",""""))"),"") | L91: =IF(A91="","","Đặng Đông")
E92: =IFERROR(__xludf.DUMMYFUNCTION("IF(C92="""","""",""0"" & REGEXREPLACE(REGEXREPLACE(C92&"""",""[^0-9]"",""""),""^0+"",""""))"),"") | L92: =IF(A92="","","Đặng Đông")
E93: =IFERROR(__xludf.DUMMYFUNCTION("IF(C93="""","""",""0"" & REGEXREPLACE(REGEXREPLACE(C93&"""",""[^0-9]"",""""),""^0+"",""""))"),"") | L93: =IF(A93="","","Đặng Đông")
E94: =IFERROR(__xludf.DUMMYFUNCTION("IF(C94="""","""",""0"" & REGEXREPLACE(REGEXREPLACE(C94&"""",""[^0-9]"",""""),""^0+"",""""))"),"") | L94: =IF(A94="","","Đặng Đông")
E95: =IFERROR(__xludf.DUMMYFUNCTION("IF(C95="""","""",""0"" & REGEXREPLACE(REGEXREPLACE(C95&"""",""[^0-9]"",""""),""^0+"",""""))"),"") | L95: =IF(A95="","","Đặng Đông")
E96: =IFERROR(__xludf.DUMMYFUNCTION("IF(C96="""","""",""0"" & REGEXREPLACE(REGEXREPLACE(C96&"""",""[^0-9]"",""""),""^0+"",""""))"),"") | L96: =IF(A96="","","Đặng Đông")
E97: =IFERROR(__xludf.DUMMYFUNCTION("IF(C97="""","""",""0"" & REGEXREPLACE(REGEXREPLACE(C97&"""",""[^0-9]"",""""),""^0+"",""""))"),"") | L97: =IF(A97="","","Đặng Đông")
E98: =IFERROR(__xludf.DUMMYFUNCTION("IF(C98="""","""",""0"" & REGEXREPLACE(REGEXREPLACE(C98&"""",""[^0-9]"",""""),""^0+"",""""))"),"") | L98: =IF(A98="","","Đặng Đông")
E99: =IFERROR(__xludf.DUMMYFUNCTION("IF(C99="""","""",""0"" & REGEXREPLACE(REGEXREPLACE(C99&"""",""[^0-9]"",""""),""^0+"",""""))"),"") | L99: =IF(A99="","","Đặng Đông")
E100: =IFERROR(__xludf.DUMMYFUNCTION("IF(C100="""","""",""0"" & REGEXREPLACE(REGEXREPLACE(C100&"""",""[^0-9]"",""""),""^0+"",""""))"),"") | L100: =IF(A100="","","Đặng Đông")
...

Sheet Huyền Trang
A1: Ngày Lead | B1: Mã vùng | C1: Số ĐT | D1: SĐT Cuối (AUTO) | E1: LOẠI TIN NHẮN | F1: NHÓM SP | G1: NGUỒN | H1: QUAN TÂM | I1: TÌNH TRẠNG | J1: NGÀY HẸN | K1: CHATPAGE (AUTO)
D2: =IFERROR(__xludf.DUMMYFUNCTION("IF(C2="""","""",""0"" & REGEXREPLACE(REGEXREPLACE(C2&"""",""[^0-9]"",""""),""^0+"",""""))"),"") | K2: =IF(A2="","","Huyền Trang")
D3: =IFERROR(__xludf.DUMMYFUNCTION("IF(C3="""","""",""0"" & REGEXREPLACE(REGEXREPLACE(C3&"""",""[^0-9]"",""""),""^0+"",""""))"),"") | K3: =IF(A3="","","Huyền Trang")
D4: =IFERROR(__xludf.DUMMYFUNCTION("IF(C4="""","""",""0"" & REGEXREPLACE(REGEXREPLACE(C4&"""",""[^0-9]"",""""),""^0+"",""""))"),"") | K4: =IF(A4="","","Huyền Trang")
D5: =IFERROR(__xludf.DUMMYFUNCTION("IF(C5="""","""",""0"" & REGEXREPLACE(REGEXREPLACE(C5&"""",""[^0-9]"",""""),""^0+"",""""))"),"") | K5: =IF(A5="","","Huyền Trang")
D6: =IFERROR(__xludf.DUMMYFUNCTION("IF(C6="""","""",""0"" & REGEXREPLACE(REGEXREPLACE(C6&"""",""[^0-9]"",""""),""^0+"",""""))"),"") | K6: =IF(A6="","","Huyền Trang")
D7: =IFERROR(__xludf.DUMMYFUNCTION("IF(C7="""","""",""0"" & REGEXREPLACE(REGEXREPLACE(C7&"""",""[^0-9]"",""""),""^0+"",""""))"),"") | K7: =IF(A7="","","Huyền Trang")
D8: =IFERROR(__xludf.DUMMYFUNCTION("IF(C8="""","""",""0"" & REGEXREPLACE(REGEXREPLACE(C8&"""",""[^0-9]"",""""),""^0+"",""""))"),"") | K8: =IF(A8="","","Huyền Trang")
D9: =IFERROR(__xludf.DUMMYFUNCTION("IF(C9="""","""",""0"" & REGEXREPLACE(REGEXREPLACE(C9&"""",""[^0-9]"",""""),""^0+"",""""))"),"") | K9: =IF(A9="","","Huyền Trang")
D10: =IFERROR(__xludf.DUMMYFUNCTION("IF(C10="""","""",""0"" & REGEXREPLACE(REGEXREPLACE(C10&"""",""[^0-9]"",""""),""^0+"",""""))"),"") | K10: =IF(A10="","","Huyền Trang")
D11: =IFERROR(__xludf.DUMMYFUNCTION("IF(C11="""","""",""0"" & REGEXREPLACE(REGEXREPLACE(C11&"""",""[^0-9]"",""""),""^0+"",""""))"),"") | K11: =IF(A11="","","Huyền Trang")
D12: =IFERROR(__xludf.DUMMYFUNCTION("IF(C12="""","""",""0"" & REGEXREPLACE(REGEXREPLACE(C12&"""",""[^0-9]"",""""),""^0+"",""""))"),"") | K12: =IF(A12="","","Huyền Trang")
D13: =IFERROR(__xludf.DUMMYFUNCTION("IF(C13="""","""",""0"" & REGEXREPLACE(REGEXREPLACE(C13&"""",""[^0-9]"",""""),""^0+"",""""))"),"") | K13: =IF(A13="","","Huyền Trang")
D14: =IFERROR(__xludf.DUMMYFUNCTION("IF(C14="""","""",""0"" & REGEXREPLACE(REGEXREPLACE(C14&"""",""[^0-9]"",""""),""^0+"",""""))"),"") | K14: =IF(A14="","","Huyền Trang")
D15: =IFERROR(__xludf.DUMMYFUNCTION("IF(C15="""","""",""0"" & REGEXREPLACE(REGEXREPLACE(C15&"""",""[^0-9]"",""""),""^0+"",""""))"),"") | K15: =IF(A15="","","Huyền Trang")
D16: =IFERROR(__xludf.DUMMYFUNCTION("IF(C16="""","""",""0"" & REGEXREPLACE(REGEXREPLACE(C16&"""",""[^0-9]"",""""),""^0+"",""""))"),"") | K16: =IF(A16="","","Huyền Trang")
D17: =IFERROR(__xludf.DUMMYFUNCTION("IF(C17="""","""",""0"" & REGEXREPLACE(REGEXREPLACE(C17&"""",""[^0-9]"",""""),""^0+"",""""))"),"") | K17: =IF(A17="","","Huyền Trang")
D18: =IFERROR(__xludf.DUMMYFUNCTION("IF(C18="""","""",""0"" & REGEXREPLACE(REGEXREPLACE(C18&"""",""[^0-9]"",""""),""^0+"",""""))"),"") | K18: =IF(A18="","","Huyền Trang")
D19: =IFERROR(__xludf.DUMMYFUNCTION("IF(C19="""","""",""0"" & REGEXREPLACE(REGEXREPLACE(C19&"""",""[^0-9]"",""""),""^0+"",""""))"),"") | K19: =IF(A19="","","Huyền Trang")
D20: =IFERROR(__xludf.DUMMYFUNCTION("IF(C20="""","""",""0"" & REGEXREPLACE(REGEXREPLACE(C20&"""",""[^0-9]"",""""),""^0+"",""""))"),"") | K20: =IF(A20="","","Huyền Trang")
D21: =IFERROR(__xludf.DUMMYFUNCTION("IF(C21="""","""",""0"" & REGEXREPLACE(REGEXREPLACE(C21&"""",""[^0-9]"",""""),""^0+"",""""))"),"") | K21: =IF(A21="","","Huyền Trang")
D22: =IFERROR(__xludf.DUMMYFUNCTION("IF(C22="""","""",""0"" & REGEXREPLACE(REGEXREPLACE(C22&"""",""[^0-9]"",""""),""^0+"",""""))"),"") | K22: =IF(A22="","","Huyền Trang")
D23: =IFERROR(__xludf.DUMMYFUNCTION("IF(C23="""","""",""0"" & REGEXREPLACE(REGEXREPLACE(C23&"""",""[^0-9]"",""""),""^0+"",""""))"),"") | K23: =IF(A23="","","Huyền Trang")
D24: =IFERROR(__xludf.DUMMYFUNCTION("IF(C24="""","""",""0"" & REGEXREPLACE(REGEXREPLACE(C24&"""",""[^0-9]"",""""),""^0+"",""""))"),"") | K24: =IF(A24="","","Huyền Trang")
D25: =IFERROR(__xludf.DUMMYFUNCTION("IF(C25="""","""",""0"" & REGEXREPLACE(REGEXREPLACE(C25&"""",""[^0-9]"",""""),""^0+"",""""))"),"") | K25: =IF(A25="","","Huyền Trang")
D26: =IFERROR(__xludf.DUMMYFUNCTION("IF(C26="""","""",""0"" & REGEXREPLACE(REGEXREPLACE(C26&"""",""[^0-9]"",""""),""^0+"",""""))"),"") | K26: =IF(A26="","","Huyền Trang")
D27: =IFERROR(__xludf.DUMMYFUNCTION("IF(C27="""","""",""0"" & REGEXREPLACE(REGEXREPLACE(C27&"""",""[^0-9]"",""""),""^0+"",""""))"),"") | K27: =IF(A27="","","Huyền Trang")
D28: =IFERROR(__xludf.DUMMYFUNCTION("IF(C28="""","""",""0"" & REGEXREPLACE(REGEXREPLACE(C28&"""",""[^0-9]"",""""),""^0+"",""""))"),"") | K28: =IF(A28="","","Huyền Trang")
D29: =IFERROR(__xludf.DUMMYFUNCTION("IF(C29="""","""",""0"" & REGEXREPLACE(REGEXREPLACE(C29&"""",""[^0-9]"",""""),""^0+"",""""))"),"") | K29: =IF(A29="","","Huyền Trang")
D30: =IFERROR(__xludf.DUMMYFUNCTION("IF(C30="""","""",""0"" & REGEXREPLACE(REGEXREPLACE(C30&"""",""[^0-9]"",""""),""^0+"",""""))"),"") | K30: =IF(A30="","","Huyền Trang")
D31: =IFERROR(__xludf.DUMMYFUNCTION("IF(C31="""","""",""0"" & REGEXREPLACE(REGEXREPLACE(C31&"""",""[^0-9]"",""""),""^0+"",""""))"),"") | K31: =IF(A31="","","Huyền Trang")
D32: =IFERROR(__xludf.DUMMYFUNCTION("IF(C32="""","""",""0"" & REGEXREPLACE(REGEXREPLACE(C32&"""",""[^0-9]"",""""),""^0+"",""""))"),"") | K32: =IF(A32="","","Huyền Trang")
D33: =IFERROR(__xludf.DUMMYFUNCTION("IF(C33="""","""",""0"" & REGEXREPLACE(REGEXREPLACE(C33&"""",""[^0-9]"",""""),""^0+"",""""))"),"") | K33: =IF(A33="","","Huyền Trang")
D34: =IFERROR(__xludf.DUMMYFUNCTION("IF(C34="""","""",""0"" & REGEXREPLACE(REGEXREPLACE(C34&"""",""[^0-9]"",""""),""^0+"",""""))"),"") | K34: =IF(A34="","","Huyền Trang")
D35: =IFERROR(__xludf.DUMMYFUNCTION("IF(C35="""","""",""0"" & REGEXREPLACE(REGEXREPLACE(C35&"""",""[^0-9]"",""""),""^0+"",""""))"),"") | K35: =IF(A35="","","Huyền Trang")
D36: =IFERROR(__xludf.DUMMYFUNCTION("IF(C36="""","""",""0"" & REGEXREPLACE(REGEXREPLACE(C36&"""",""[^0-9]"",""""),""^0+"",""""))"),"") | K36: =IF(A36="","","Huyền Trang")
D37: =IFERROR(__xludf.DUMMYFUNCTION("IF(C37="""","""",""0"" & REGEXREPLACE(REGEXREPLACE(C37&"""",""[^0-9]"",""""),""^0+"",""""))"),"") | K37: =IF(A37="","","Huyền Trang")
D38: =IFERROR(__xludf.DUMMYFUNCTION("IF(C38="""","""",""0"" & REGEXREPLACE(REGEXREPLACE(C38&"""",""[^0-9]"",""""),""^0+"",""""))"),"") | K38: =IF(A38="","","Huyền Trang")
D39: =IFERROR(__xludf.DUMMYFUNCTION("IF(C39="""","""",""0"" & REGEXREPLACE(REGEXREPLACE(C39&"""",""[^0-9]"",""""),""^0+"",""""))"),"") | K39: =IF(A39="","","Huyền Trang")
D40: =IFERROR(__xludf.DUMMYFUNCTION("IF(C40="""","""",""0"" & REGEXREPLACE(REGEXREPLACE(C40&"""",""[^0-9]"",""""),""^0+"",""""))"),"") | K40: =IF(A40="","","Huyền Trang")
D41: =IFERROR(__xludf.DUMMYFUNCTION("IF(C41="""","""",""0"" & REGEXREPLACE(REGEXREPLACE(C41&"""",""[^0-9]"",""""),""^0+"",""""))"),"") | K41: =IF(A41="","","Huyền Trang")
D42: =IFERROR(__xludf.DUMMYFUNCTION("IF(C42="""","""",""0"" & REGEXREPLACE(REGEXREPLACE(C42&"""",""[^0-9]"",""""),""^0+"",""""))"),"") | K42: =IF(A42="","","Huyền Trang")
D43: =IFERROR(__xludf.DUMMYFUNCTION("IF(C43="""","""",""0"" & REGEXREPLACE(REGEXREPLACE(C43&"""",""[^0-9]"",""""),""^0+"",""""))"),"") | K43: =IF(A43="","","Huyền Trang")
D44: =IFERROR(__xludf.DUMMYFUNCTION("IF(C44="""","""",""0"" & REGEXREPLACE(REGEXREPLACE(C44&"""",""[^0-9]"",""""),""^0+"",""""))"),"") | K44: =IF(A44="","","Huyền Trang")
D45: =IFERROR(__xludf.DUMMYFUNCTION("IF(C45="""","""",""0"" & REGEXREPLACE(REGEXREPLACE(C45&"""",""[^0-9]"",""""),""^0+"",""""))"),"") | K45: =IF(A45="","","Huyền Trang")
D46: =IFERROR(__xludf.DUMMYFUNCTION("IF(C46="""","""",""0"" & REGEXREPLACE(REGEXREPLACE(C46&"""",""[^0-9]"",""""),""^0+"",""""))"),"") | K46: =IF(A46="","","Huyền Trang")
D47: =IFERROR(__xludf.DUMMYFUNCTION("IF(C47="""","""",""0"" & REGEXREPLACE(REGEXREPLACE(C47&"""",""[^0-9]"",""""),""^0+"",""""))"),"") | K47: =IF(A47="","","Huyền Trang")
D48: =IFERROR(__xludf.DUMMYFUNCTION("IF(C48="""","""",""0"" & REGEXREPLACE(REGEXREPLACE(C48&"""",""[^0-9]"",""""),""^0+"",""""))"),"") | K48: =IF(A48="","","Huyền Trang")
D49: =IFERROR(__xludf.DUMMYFUNCTION("IF(C49="""","""",""0"" & REGEXREPLACE(REGEXREPLACE(C49&"""",""[^0-9]"",""""),""^0+"",""""))"),"") | K49: =IF(A49="","","Huyền Trang")
D50: =IFERROR(__xludf.DUMMYFUNCTION("IF(C50="""","""",""0"" & REGEXREPLACE(REGEXREPLACE(C50&"""",""[^0-9]"",""""),""^0+"",""""))"),"") | K50: =IF(A50="","","Huyền Trang")
D51: =IFERROR(__xludf.DUMMYFUNCTION("IF(C51="""","""",""0"" & REGEXREPLACE(REGEXREPLACE(C51&"""",""[^0-9]"",""""),""^0+"",""""))"),"") | K51: =IF(A51="","","Huyền Trang")
D52: =IFERROR(__xludf.DUMMYFUNCTION("IF(C52="""","""",""0"" & REGEXREPLACE(REGEXREPLACE(C52&"""",""[^0-9]"",""""),""^0+"",""""))"),"") | K52: =IF(A52="","","Huyền Trang")
D53: =IFERROR(__xludf.DUMMYFUNCTION("IF(C53="""","""",""0"" & REGEXREPLACE(REGEXREPLACE(C53&"""",""[^0-9]"",""""),""^0+"",""""))"),"") | K53: =IF(A53="","","Huyền Trang")
D54: =IFERROR(__xludf.DUMMYFUNCTION("IF(C54="""","""",""0"" & REGEXREPLACE(REGEXREPLACE(C54&"""",""[^0-9]"",""""),""^0+"",""""))"),"") | K54: =IF(A54="","","Huyền Trang")
D55: =IFERROR(__xludf.DUMMYFUNCTION("IF(C55="""","""",""0"" & REGEXREPLACE(REGEXREPLACE(C55&"""",""[^0-9]"",""""),""^0+"",""""))"),"") | K55: =IF(A55="","","Huyền Trang")
D56: =IFERROR(__xludf.DUMMYFUNCTION("IF(C56="""","""",""0"" & REGEXREPLACE(REGEXREPLACE(C56&"""",""[^0-9]"",""""),""^0+"",""""))"),"") | K56: =IF(A56="","","Huyền Trang")
D57: =IFERROR(__xludf.DUMMYFUNCTION("IF(C57="""","""",""0"" & REGEXREPLACE(REGEXREPLACE(C57&"""",""[^0-9]"",""""),""^0+"",""""))"),"") | K57: =IF(A57="","","Huyền Trang")
D58: =IFERROR(__xludf.DUMMYFUNCTION("IF(C58="""","""",""0"" & REGEXREPLACE(REGEXREPLACE(C58&"""",""[^0-9]"",""""),""^0+"",""""))"),"") | K58: =IF(A58="","","Huyền Trang")
D59: =IFERROR(__xludf.DUMMYFUNCTION("IF(C59="""","""",""0"" & REGEXREPLACE(REGEXREPLACE(C59&"""",""[^0-9]"",""""),""^0+"",""""))"),"") | K59: =IF(A59="","","Huyền Trang")
D60: =IFERROR(__xludf.DUMMYFUNCTION("IF(C60="""","""",""0"" & REGEXREPLACE(REGEXREPLACE(C60&"""",""[^0-9]"",""""),""^0+"",""""))"),"") | K60: =IF(A60="","","Huyền Trang")
D61: =IFERROR(__xludf.DUMMYFUNCTION("IF(C61="""","""",""0"" & REGEXREPLACE(REGEXREPLACE(C61&"""",""[^0-9]"",""""),""^0+"",""""))"),"") | K61: =IF(A61="","","Huyền Trang")
D62: =IFERROR(__xludf.DUMMYFUNCTION("IF(C62="""","""",""0"" & REGEXREPLACE(REGEXREPLACE(C62&"""",""[^0-9]"",""""),""^0+"",""""))"),"") | K62: =IF(A62="","","Huyền Trang")
D63: =IFERROR(__xludf.DUMMYFUNCTION("IF(C63="""","""",""0"" & REGEXREPLACE(REGEXREPLACE(C63&"""",""[^0-9]"",""""),""^0+"",""""))"),"") | K63: =IF(A63="","","Huyền Trang")
D64: =IFERROR(__xludf.DUMMYFUNCTION("IF(C64="""","""",""0"" & REGEXREPLACE(REGEXREPLACE(C64&"""",""[^0-9]"",""""),""^0+"",""""))"),"") | K64: =IF(A64="","","Huyền Trang")
D65: =IFERROR(__xludf.DUMMYFUNCTION("IF(C65="""","""",""0"" & REGEXREPLACE(REGEXREPLACE(C65&"""",""[^0-9]"",""""),""^0+"",""""))"),"") | K65: =IF(A65="","","Huyền Trang")
D66: =IFERROR(__xludf.DUMMYFUNCTION("IF(C66="""","""",""0"" & REGEXREPLACE(REGEXREPLACE(C66&"""",""[^0-9]"",""""),""^0+"",""""))"),"") | K66: =IF(A66="","","Huyền Trang")
D67: =IFERROR(__xludf.DUMMYFUNCTION("IF(C67="""","""",""0"" & REGEXREPLACE(REGEXREPLACE(C67&"""",""[^0-9]"",""""),""^0+"",""""))"),"") | K67: =IF(A67="","","Huyền Trang")
D68: =IFERROR(__xludf.DUMMYFUNCTION("IF(C68="""","""",""0"" & REGEXREPLACE(REGEXREPLACE(C68&"""",""[^0-9]"",""""),""^0+"",""""))"),"") | K68: =IF(A68="","","Huyền Trang")
D69: =IFERROR(__xludf.DUMMYFUNCTION("IF(C69="""","""",""0"" & REGEXREPLACE(REGEXREPLACE(C69&"""",""[^0-9]"",""""),""^0+"",""""))"),"") | K69: =IF(A69="","","Huyền Trang")
D70: =IFERROR(__xludf.DUMMYFUNCTION("IF(C70="""","""",""0"" & REGEXREPLACE(REGEXREPLACE(C70&"""",""[^0-9]"",""""),""^0+"",""""))"),"") | K70: =IF(A70="","","Huyền Trang")
D71: =IFERROR(__xludf.DUMMYFUNCTION("IF(C71="""","""",""0"" & REGEXREPLACE(REGEXREPLACE(C71&"""",""[^0-9]"",""""),""^0+"",""""))"),"") | K71: =IF(A71="","","Huyền Trang")
D72: =IFERROR(__xludf.DUMMYFUNCTION("IF(C72="""","""",""0"" & REGEXREPLACE(REGEXREPLACE(C72&"""",""[^0-9]"",""""),""^0+"",""""))"),"") | K72: =IF(A72="","","Huyền Trang")
D73: =IFERROR(__xludf.DUMMYFUNCTION("IF(C73="""","""",""0"" & REGEXREPLACE(REGEXREPLACE(C73&"""",""[^0-9]"",""""),""^0+"",""""))"),"") | K73: =IF(A73="","","Huyền Trang")
D74: =IFERROR(__xludf.DUMMYFUNCTION("IF(C74="""","""",""0"" & REGEXREPLACE(REGEXREPLACE(C74&"""",""[^0-9]"",""""),""^0+"",""""))"),"") | K74: =IF(A74="","","Huyền Trang")
D75: =IFERROR(__xludf.DUMMYFUNCTION("IF(C75="""","""",""0"" & REGEXREPLACE(REGEXREPLACE(C75&"""",""[^0-9]"",""""),""^0+"",""""))"),"") | K75: =IF(A75="","","Huyền Trang")
D76: =IFERROR(__xludf.DUMMYFUNCTION("IF(C76="""","""",""0"" & REGEXREPLACE(REGEXREPLACE(C76&"""",""[^0-9]"",""""),""^0+"",""""))"),"") | K76: =IF(A76="","","Huyền Trang")
D77: =IFERROR(__xludf.DUMMYFUNCTION("IF(C77="""","""",""0"" & REGEXREPLACE(REGEXREPLACE(C77&"""",""[^0-9]"",""""),""^0+"",""""))"),"") | K77: =IF(A77="","","Huyền Trang")
D78: =IFERROR(__xludf.DUMMYFUNCTION("IF(C78="""","""",""0"" & REGEXREPLACE(REGEXREPLACE(C78&"""",""[^0-9]"",""""),""^0+"",""""))"),"") | K78: =IF(A78="","","Huyền Trang")
D79: =IFERROR(__xludf.DUMMYFUNCTION("IF(C79="""","""",""0"" & REGEXREPLACE(REGEXREPLACE(C79&"""",""[^0-9]"",""""),""^0+"",""""))"),"") | K79: =IF(A79="","","Huyền Trang")
D80: =IFERROR(__xludf.DUMMYFUNCTION("IF(C80="""","""",""0"" & REGEXREPLACE(REGEXREPLACE(C80&"""",""[^0-9]"",""""),""^0+"",""""))"),"") | K80: =IF(A80="","","Huyền Trang")
D81: =IFERROR(__xludf.DUMMYFUNCTION("IF(C81="""","""",""0"" & REGEXREPLACE(REGEXREPLACE(C81&"""",""[^0-9]"",""""),""^0+"",""""))"),"") | K81: =IF(A81="","","Huyền Trang")
D82: =IFERROR(__xludf.DUMMYFUNCTION("IF(C82="""","""",""0"" & REGEXREPLACE(REGEXREPLACE(C82&"""",""[^0-9]"",""""),""^0+"",""""))"),"") | K82: =IF(A82="","","Huyền Trang")
D83: =IFERROR(__xludf.DUMMYFUNCTION("IF(C83="""","""",""0"" & REGEXREPLACE(REGEXREPLACE(C83&"""",""[^0-9]"",""""),""^0+"",""""))"),"") | K83: =IF(A83="","","Huyền Trang")
D84: =IFERROR(__xludf.DUMMYFUNCTION("IF(C84="""","""",""0"" & REGEXREPLACE(REGEXREPLACE(C84&"""",""[^0-9]"",""""),""^0+"",""""))"),"") | K84: =IF(A84="","","Huyền Trang")
D85: =IFERROR(__xludf.DUMMYFUNCTION("IF(C85="""","""",""0"" & REGEXREPLACE(REGEXREPLACE(C85&"""",""[^0-9]"",""""),""^0+"",""""))"),"") | K85: =IF(A85="","","Huyền Trang")
D86: =IFERROR(__xludf.DUMMYFUNCTION("IF(C86="""","""",""0"" & REGEXREPLACE(REGEXREPLACE(C86&"""",""[^0-9]"",""""),""^0+"",""""))"),"") | K86: =IF(A86="","","Huyền Trang")
D87: =IFERROR(__xludf.DUMMYFUNCTION("IF(C87="""","""",""0"" & REGEXREPLACE(REGEXREPLACE(C87&"""",""[^0-9]"",""""),""^0+"",""""))"),"") | K87: =IF(A87="","","Huyền Trang")
D88: =IFERROR(__xludf.DUMMYFUNCTION("IF(C88="""","""",""0"" & REGEXREPLACE(REGEXREPLACE(C88&"""",""[^0-9]"",""""),""^0+"",""""))"),"") | K88: =IF(A88="","","Huyền Trang")
D89: =IFERROR(__xludf.DUMMYFUNCTION("IF(C89="""","""",""0"" & REGEXREPLACE(REGEXREPLACE(C89&"""",""[^0-9]"",""""),""^0+"",""""))"),"") | K89: =IF(A89="","","Huyền Trang")
D90: =IFERROR(__xludf.DUMMYFUNCTION("IF(C90="""","""",""0"" & REGEXREPLACE(REGEXREPLACE(C90&"""",""[^0-9]"",""""),""^0+"",""""))"),"") | K90: =IF(A90="","","Huyền Trang")
D91: =IFERROR(__xludf.DUMMYFUNCTION("IF(C91="""","""",""0"" & REGEXREPLACE(REGEXREPLACE(C91&"""",""[^0-9]"",""""),""^0+"",""""))"),"") | K91: =IF(A91="","","Huyền Trang")
D92: =IFERROR(__xludf.DUMMYFUNCTION("IF(C92="""","""",""0"" & REGEXREPLACE(REGEXREPLACE(C92&"""",""[^0-9]"",""""),""^0+"",""""))"),"") | K92: =IF(A92="","","Huyền Trang")
D93: =IFERROR(__xludf.DUMMYFUNCTION("IF(C93="""","""",""0"" & REGEXREPLACE(REGEXREPLACE(C93&"""",""[^0-9]"",""""),""^0+"",""""))"),"") | K93: =IF(A93="","","Huyền Trang")
D94: =IFERROR(__xludf.DUMMYFUNCTION("IF(C94="""","""",""0"" & REGEXREPLACE(REGEXREPLACE(C94&"""",""[^0-9]"",""""),""^0+"",""""))"),"") | K94: =IF(A94="","","Huyền Trang")
D95: =IFERROR(__xludf.DUMMYFUNCTION("IF(C95="""","""",""0"" & REGEXREPLACE(REGEXREPLACE(C95&"""",""[^0-9]"",""""),""^0+"",""""))"),"") | K95: =IF(A95="","","Huyền Trang")
D96: =IFERROR(__xludf.DUMMYFUNCTION("IF(C96="""","""",""0"" & REGEXREPLACE(REGEXREPLACE(C96&"""",""[^0-9]"",""""),""^0+"",""""))"),"") | K96: =IF(A96="","","Huyền Trang")
